Entity,Code,Year,12.c.1 - Fossil-fuel subsidies (consumption and production) (billions of nominal United States dollars) - ER_FFS_CMPT_CD
Afghanistan,AFG,2010,30000000
Afghanistan,AFG,2011,20000000
Afghanistan,AFG,2012,20000000
Afghanistan,AFG,2013,20000000
Afghanistan,AFG,2014,20000000
Afghanistan,AFG,2015,0
Afghanistan,AFG,2016,0
Afghanistan,AFG,2017,10000000
Afghanistan,AFG,2018,100000000
Afghanistan,AFG,2019,150000000
Afghanistan,AFG,2020,60000000
Africa (UN),,2010,53720000000
Africa (UN),,2011,74720000000
Africa (UN),,2012,85760000000
Africa (UN),,2013,87760000000
Africa (UN),,2014,79140000000
Africa (UN),,2015,41400000000
Africa (UN),,2016,29530000000
Africa (UN),,2017,43480000000
Africa (UN),,2018,66390000000
Africa (UN),,2019,47830000000
Africa (UN),,2020,32689999999.999996
Africa (UN),,2021,69090000000
Algeria,DZA,2010,13390000000
Algeria,DZA,2011,17000000000
Algeria,DZA,2012,21180000000
Algeria,DZA,2013,22410000000
Algeria,DZA,2014,20690000000
Algeria,DZA,2015,12180000000
Algeria,DZA,2016,6660000000
Algeria,DZA,2017,9140000000
Algeria,DZA,2018,17100000000.000002
Algeria,DZA,2019,13340000000
Algeria,DZA,2020,8710000000
Algeria,DZA,2021,23580000000
Angola,AGO,2010,1130000000
Angola,AGO,2011,1550000000
Angola,AGO,2012,1800000000
Angola,AGO,2013,2540000000
Angola,AGO,2014,2330000000
Angola,AGO,2015,200000000
Angola,AGO,2016,490000000
Angola,AGO,2017,250000000
Angola,AGO,2018,1930000000
Angola,AGO,2019,1400000000
Angola,AGO,2020,1820000000
Angola,AGO,2021,3270000000
Antigua and Barbuda,ATG,2010,0
Antigua and Barbuda,ATG,2011,10000000
Antigua and Barbuda,ATG,2012,10000000
Antigua and Barbuda,ATG,2013,10000000
Antigua and Barbuda,ATG,2014,10000000
Antigua and Barbuda,ATG,2015,10000000
Antigua and Barbuda,ATG,2016,10000000
Antigua and Barbuda,ATG,2017,20000000
Antigua and Barbuda,ATG,2018,40000000
Antigua and Barbuda,ATG,2019,40000000
Antigua and Barbuda,ATG,2020,10000000
Argentina,ARG,2010,5030000000
Argentina,ARG,2011,7860000000
Argentina,ARG,2012,9270000000
Argentina,ARG,2013,11990000000
Argentina,ARG,2014,12120000000
Argentina,ARG,2015,12920000000
Argentina,ARG,2016,12030000000
Argentina,ARG,2017,8970000000
Argentina,ARG,2018,6240000000
Argentina,ARG,2019,4850000000
Argentina,ARG,2020,5220000000
Argentina,ARG,2021,10200000000
Armenia,ARM,2010,30000000
Armenia,ARM,2011,40000000
Armenia,ARM,2012,40000000
Armenia,ARM,2013,40000000
Armenia,ARM,2014,40000000
Armenia,ARM,2015,30000000
Armenia,ARM,2016,20000000
Armenia,ARM,2017,20000000
Armenia,ARM,2018,0
Armenia,ARM,2019,0
Armenia,ARM,2020,10000000
Armenia,ARM,2021,0
Aruba,ABW,2010,0
Aruba,ABW,2011,0
Aruba,ABW,2012,0
Aruba,ABW,2013,0
Aruba,ABW,2014,0
Aruba,ABW,2015,0
Aruba,ABW,2016,0
Aruba,ABW,2017,0
Aruba,ABW,2018,0
Aruba,ABW,2019,0
Aruba,ABW,2020,50000000
Asia (UN),,2010,284490000000
Asia (UN),,2011,347340000000
Asia (UN),,2012,401640000000
Asia (UN),,2013,382400000000
Asia (UN),,2014,351610000000
Asia (UN),,2015,240220000000
Asia (UN),,2016,170200000000
Asia (UN),,2017,209780000000
Asia (UN),,2018,258440000000
Asia (UN),,2019,244950000000
Asia (UN),,2020,141800000000
Asia (UN),,2021,258690000000
Australia,AUS,2010,5320000000
Australia,AUS,2011,6630000000
Australia,AUS,2012,5730000000
Australia,AUS,2013,5470000000
Australia,AUS,2014,5150000000
Australia,AUS,2015,4380000000
Australia,AUS,2016,7130000000
Australia,AUS,2017,7580000000
Australia,AUS,2018,7410000000
Australia,AUS,2019,7320000000
Australia,AUS,2020,7290000000
Australia,AUS,2021,9320000000
Austria,AUT,2010,1100000000
Austria,AUT,2011,1230000000
Austria,AUT,2012,1000000000
Austria,AUT,2013,900000000
Austria,AUT,2014,880000000
Austria,AUT,2015,1220000000
Austria,AUT,2016,1200000000
Austria,AUT,2017,1200000000
Austria,AUT,2018,1310000000
Austria,AUT,2019,1320000000
Austria,AUT,2020,850000000
Austria,AUT,2021,970000000
Azerbaijan,AZE,2010,90000000
Azerbaijan,AZE,2011,470000000
Azerbaijan,AZE,2012,180000000
Azerbaijan,AZE,2013,370000000
Azerbaijan,AZE,2014,0
Azerbaijan,AZE,2015,460000000
Azerbaijan,AZE,2016,1210000000
Azerbaijan,AZE,2017,0
Azerbaijan,AZE,2018,900000000
Azerbaijan,AZE,2019,790000000
Azerbaijan,AZE,2020,150000000
Azerbaijan,AZE,2021,160000000
Bahamas,BHS,2010,0
Bahamas,BHS,2011,50000000
Bahamas,BHS,2012,50000000
Bahamas,BHS,2013,50000000
Bahamas,BHS,2014,50000000
Bahamas,BHS,2015,60000000
Bahamas,BHS,2016,100000000
Bahamas,BHS,2017,90000000
Bahamas,BHS,2018,120000000
Bahamas,BHS,2019,120000000
Bahamas,BHS,2020,60000000
Bahrain,BHR,2010,1910000000
Bahrain,BHR,2011,2280000000
Bahrain,BHR,2012,2600000000
Bahrain,BHR,2013,2530000000
Bahrain,BHR,2014,2340000000
Bahrain,BHR,2015,1670000000
Bahrain,BHR,2016,1110000000
Bahrain,BHR,2017,1340000000
Bahrain,BHR,2018,450000000
Bahrain,BHR,2019,880000000
Bahrain,BHR,2020,340000000
Bahrain,BHR,2021,2360000000
Bangladesh,BGD,2010,4850000000
Bangladesh,BGD,2011,5960000000
Bangladesh,BGD,2012,7690000000
Bangladesh,BGD,2013,4720000000
Bangladesh,BGD,2014,3240000000
Bangladesh,BGD,2015,2000000000
Bangladesh,BGD,2016,1130000000
Bangladesh,BGD,2017,1540000000
Bangladesh,BGD,2018,3190000000
Bangladesh,BGD,2019,1900000000
Bangladesh,BGD,2020,1420000000
Bangladesh,BGD,2021,7510000000
Barbados,BRB,2010,0
Barbados,BRB,2011,10000000
Barbados,BRB,2012,10000000
Barbados,BRB,2013,10000000
Barbados,BRB,2014,10000000
Barbados,BRB,2015,10000000
Barbados,BRB,2016,20000000
Barbados,BRB,2017,0
Barbados,BRB,2018,0
Barbados,BRB,2019,0
Barbados,BRB,2020,0
Belarus,BLR,2010,590000000
Belarus,BLR,2011,160000000
Belarus,BLR,2012,200000000
Belarus,BLR,2013,300000000
Belarus,BLR,2014,320000000
Belarus,BLR,2015,20000000
Belarus,BLR,2016,70000000
Belarus,BLR,2017,110000000
Belarus,BLR,2018,80000000
Belarus,BLR,2019,80000000
Belarus,BLR,2020,70000000
Belarus,BLR,2021,120000000
Belgium,BEL,2010,2840000000
Belgium,BEL,2011,2860000000
Belgium,BEL,2012,2690000000
Belgium,BEL,2013,3020000000
Belgium,BEL,2014,2560000000
Belgium,BEL,2015,2450000000
Belgium,BEL,2016,2580000000
Belgium,BEL,2017,2960000000
Belgium,BEL,2018,3350000000
Belgium,BEL,2019,3550000000
Belgium,BEL,2020,3920000000
Belgium,BEL,2021,3750000000
Belize,BLZ,2010,0
Belize,BLZ,2011,40000000
Belize,BLZ,2012,40000000
Belize,BLZ,2013,40000000
Belize,BLZ,2014,50000000
Belize,BLZ,2015,0
Belize,BLZ,2016,0
Belize,BLZ,2017,0
Belize,BLZ,2018,0
Belize,BLZ,2019,0
Belize,BLZ,2020,0
Benin,BEN,2010,120000000
Benin,BEN,2011,150000000
Benin,BEN,2012,0
Benin,BEN,2013,0
Benin,BEN,2014,0
Benin,BEN,2015,110000000
Benin,BEN,2016,100000000
Benin,BEN,2017,110000000
Benin,BEN,2018,160000000
Benin,BEN,2019,180000000
Benin,BEN,2020,130000000
Bhutan,BTN,2010,0
Bhutan,BTN,2011,0
Bhutan,BTN,2012,0
Bhutan,BTN,2013,0
Bhutan,BTN,2014,0
Bhutan,BTN,2015,60000000
Bhutan,BTN,2016,10000000
Bhutan,BTN,2017,0
Bhutan,BTN,2018,0
Bhutan,BTN,2019,0
Bhutan,BTN,2020,0
Bolivia,BOL,2010,0
Bolivia,BOL,2011,0
Bolivia,BOL,2012,1520000000
Bolivia,BOL,2013,2140000000.0000002
Bolivia,BOL,2014,2040000000
Bolivia,BOL,2015,650000000
Bolivia,BOL,2016,380000000
Bolivia,BOL,2017,600000000
Bolivia,BOL,2018,1160000000
Bolivia,BOL,2019,810000000
Bolivia,BOL,2020,310000000
Bolivia,BOL,2021,1250000000
Bosnia and Herzegovina,BIH,2010,0
Bosnia and Herzegovina,BIH,2011,0
Bosnia and Herzegovina,BIH,2012,0
Bosnia and Herzegovina,BIH,2013,0
Bosnia and Herzegovina,BIH,2014,0
Bosnia and Herzegovina,BIH,2015,10000000
Bosnia and Herzegovina,BIH,2016,10000000
Bosnia and Herzegovina,BIH,2017,10000000
Bosnia and Herzegovina,BIH,2018,10000000
Bosnia and Herzegovina,BIH,2019,40000000
Bosnia and Herzegovina,BIH,2020,20000000
Botswana,BWA,2010,60000000
Botswana,BWA,2011,90000000
Botswana,BWA,2012,90000000
Botswana,BWA,2013,90000000
Botswana,BWA,2014,140000000
Botswana,BWA,2015,0
Botswana,BWA,2016,0
Botswana,BWA,2017,0
Botswana,BWA,2018,0
Botswana,BWA,2019,0
Botswana,BWA,2020,0
Brazil,BRA,2010,28030000000
Brazil,BRA,2011,34380000000
Brazil,BRA,2012,36360000000
Brazil,BRA,2013,34720000000
Brazil,BRA,2014,30300000000
Brazil,BRA,2015,17700000000
Brazil,BRA,2016,14300000000
Brazil,BRA,2017,10720000000
Brazil,BRA,2018,10610000000
Brazil,BRA,2019,9020000000
Brazil,BRA,2020,6590000000
Brazil,BRA,2021,7190000000
Brunei,BRN,2010,350000000
Brunei,BRN,2011,520000000
Brunei,BRN,2012,550000000
Brunei,BRN,2013,440000000
Brunei,BRN,2014,370000000
Brunei,BRN,2015,170000000
Brunei,BRN,2016,90000000
Brunei,BRN,2017,160000000
Brunei,BRN,2018,240000000
Brunei,BRN,2019,150000000
Brunei,BRN,2020,50000000
Brunei,BRN,2021,290000000
Bulgaria,BGR,2010,0
Bulgaria,BGR,2011,0
Bulgaria,BGR,2012,0
Bulgaria,BGR,2013,0
Bulgaria,BGR,2014,0
Bulgaria,BGR,2015,1830000000
Bulgaria,BGR,2016,1190000000
Bulgaria,BGR,2017,2510000000
Bulgaria,BGR,2018,2930000000
Bulgaria,BGR,2019,2550000000
Bulgaria,BGR,2020,2470000000
Burkina Faso,BFA,2010,80000000
Burkina Faso,BFA,2011,110000000
Burkina Faso,BFA,2012,120000000
Burkina Faso,BFA,2013,140000000
Burkina Faso,BFA,2014,170000000
Burkina Faso,BFA,2015,0
Burkina Faso,BFA,2016,0
Burkina Faso,BFA,2017,10000000
Burkina Faso,BFA,2018,20000000
Burkina Faso,BFA,2019,20000000
Burkina Faso,BFA,2020,10000000
Burundi,BDI,2010,0
Burundi,BDI,2011,0
Burundi,BDI,2012,0
Burundi,BDI,2013,0
Burundi,BDI,2014,0
Burundi,BDI,2015,10000000
Burundi,BDI,2016,20000000
Burundi,BDI,2017,20000000
Burundi,BDI,2018,20000000
Burundi,BDI,2019,0
Burundi,BDI,2020,0
Cambodia,KHM,2010,0
Cambodia,KHM,2011,0
Cambodia,KHM,2012,0
Cambodia,KHM,2013,0
Cambodia,KHM,2014,0
Cambodia,KHM,2015,0
Cambodia,KHM,2016,0
Cambodia,KHM,2017,0
Cambodia,KHM,2018,0
Cambodia,KHM,2019,40000000
Cambodia,KHM,2020,30000000
Cameroon,CMR,2010,580000000
Cameroon,CMR,2011,760000000
Cameroon,CMR,2012,800000000
Cameroon,CMR,2013,830000000
Cameroon,CMR,2014,860000000
Cameroon,CMR,2015,40000000
Cameroon,CMR,2016,20000000
Cameroon,CMR,2017,30000000
Cameroon,CMR,2018,70000000
Cameroon,CMR,2019,80000000
Cameroon,CMR,2020,60000000
Canada,CAN,2010,4600000000
Canada,CAN,2011,2890000000
Canada,CAN,2012,3180000000
Canada,CAN,2013,3220000000
Canada,CAN,2014,3310000000
Canada,CAN,2015,2200000000
Canada,CAN,2016,2430000000
Canada,CAN,2017,2480000000
Canada,CAN,2018,2210000000
Canada,CAN,2019,2250000000
Canada,CAN,2020,3920000000
Canada,CAN,2021,3190000000
Cape Verde,CPV,2010,40000000
Cape Verde,CPV,2011,40000000
Cape Verde,CPV,2012,50000000
Cape Verde,CPV,2013,50000000
Cape Verde,CPV,2014,60000000
Cape Verde,CPV,2015,0
Cape Verde,CPV,2016,0
Cape Verde,CPV,2017,0
Cape Verde,CPV,2018,0
Cape Verde,CPV,2019,0
Cape Verde,CPV,2020,0
Central African Republic,CAF,2010,0
Central African Republic,CAF,2011,0
Central African Republic,CAF,2012,0
Central African Republic,CAF,2013,0
Central African Republic,CAF,2014,0
Central African Republic,CAF,2015,0
Central African Republic,CAF,2016,0
Central African Republic,CAF,2017,0
Central African Republic,CAF,2018,0
Central African Republic,CAF,2019,0
Central African Republic,CAF,2020,10000000
Central and Southern Asia (UN),,2010,131340000000
Central and Southern Asia (UN),,2011,139170000000
Central and Southern Asia (UN),,2012,152720000000
Central and Southern Asia (UN),,2013,148280000000
Central and Southern Asia (UN),,2014,129539999999.99998
Central and Southern Asia (UN),,2015,80400000000
Central and Southern Asia (UN),,2016,54330000000
Central and Southern Asia (UN),,2017,80180000000
Central and Southern Asia (UN),,2018,113070000000
Central and Southern Asia (UN),,2019,120250000000
Central and Southern Asia (UN),,2020,52630000000
Central and Southern Asia (UN),,2021,111700000000
Chad,TCD,2010,0
Chad,TCD,2011,0
Chad,TCD,2012,0
Chad,TCD,2013,0
Chad,TCD,2014,0
Chad,TCD,2015,10000000
Chad,TCD,2016,0
Chad,TCD,2017,10000000
Chad,TCD,2018,40000000
Chad,TCD,2019,50000000
Chad,TCD,2020,40000000
Chile,CHL,2010,1790000000
Chile,CHL,2011,610000000
Chile,CHL,2012,630000000
Chile,CHL,2013,670000000
Chile,CHL,2014,980000000
Chile,CHL,2015,1420000000
Chile,CHL,2016,1670000000
Chile,CHL,2017,1870000000
Chile,CHL,2018,1520000000
Chile,CHL,2019,1650000000
Chile,CHL,2020,1420000000
Chile,CHL,2021,1940000000
China,CHN,2010,18630000000
China,CHN,2011,22170000000
China,CHN,2012,39550000000
China,CHN,2013,40010000000
China,CHN,2014,46510000000
China,CHN,2015,46820000000
China,CHN,2016,28260000000
China,CHN,2017,29540000000
China,CHN,2018,29660000000
China,CHN,2019,27420000000
China,CHN,2020,23100000000
China,CHN,2021,24770000000
Colombia,COL,2010,2580000000
Colombia,COL,2011,2230000000
Colombia,COL,2012,1950000000
Colombia,COL,2013,1990000000
Colombia,COL,2014,2089999999.9999998
Colombia,COL,2015,1310000000
Colombia,COL,2016,1270000000
Colombia,COL,2017,1740000000
Colombia,COL,2018,2450000000
Colombia,COL,2019,1780000000
Colombia,COL,2020,1050000000
Colombia,COL,2021,4080000000
Comoros,COM,2010,0
Comoros,COM,2011,0
Comoros,COM,2012,0
Comoros,COM,2013,0
Comoros,COM,2014,0
Comoros,COM,2015,0
Comoros,COM,2016,0
Comoros,COM,2017,0
Comoros,COM,2018,0
Comoros,COM,2019,0
Comoros,COM,2020,0
Congo,COG,2010,400000000
Congo,COG,2011,590000000
Congo,COG,2012,770000000
Congo,COG,2013,780000000
Congo,COG,2014,770000000
Congo,COG,2015,10000000
Congo,COG,2016,0
Congo,COG,2017,0
Congo,COG,2018,0
Congo,COG,2019,0
Congo,COG,2020,0
Costa Rica,CRI,2010,60000000
Costa Rica,CRI,2011,60000000
Costa Rica,CRI,2012,60000000
Costa Rica,CRI,2013,60000000
Costa Rica,CRI,2014,60000000
Costa Rica,CRI,2015,70000000
Costa Rica,CRI,2016,110000000
Costa Rica,CRI,2017,100000000
Costa Rica,CRI,2018,100000000
Costa Rica,CRI,2019,100000000
Costa Rica,CRI,2020,70000000
Costa Rica,CRI,2021,90000000
Cote d'Ivoire,CIV,2010,690000000
Cote d'Ivoire,CIV,2011,750000000
Cote d'Ivoire,CIV,2012,920000000
Cote d'Ivoire,CIV,2013,950000000
Cote d'Ivoire,CIV,2014,1080000000
Cote d'Ivoire,CIV,2015,60000000
Cote d'Ivoire,CIV,2016,0
Cote d'Ivoire,CIV,2017,0
Cote d'Ivoire,CIV,2018,0
Cote d'Ivoire,CIV,2019,0
Cote d'Ivoire,CIV,2020,0
Croatia,HRV,2010,0
Croatia,HRV,2011,0
Croatia,HRV,2012,0
Croatia,HRV,2013,0
Croatia,HRV,2014,0
Croatia,HRV,2015,90000000
Croatia,HRV,2016,370000000
Croatia,HRV,2017,440000000
Croatia,HRV,2018,450000000
Croatia,HRV,2019,420000000
Croatia,HRV,2020,350000000
Cyprus,CYP,2010,0
Cyprus,CYP,2011,0
Cyprus,CYP,2012,0
Cyprus,CYP,2013,0
Cyprus,CYP,2014,0
Cyprus,CYP,2015,30000000
Cyprus,CYP,2016,150000000
Cyprus,CYP,2017,70000000
Cyprus,CYP,2018,0
Cyprus,CYP,2019,0
Cyprus,CYP,2020,60000000
Czechia,CZE,2010,380000000
Czechia,CZE,2011,410000000
Czechia,CZE,2012,360000000
Czechia,CZE,2013,320000000
Czechia,CZE,2014,290000000
Czechia,CZE,2015,250000000
Czechia,CZE,2016,220000000
Czechia,CZE,2017,260000000
Czechia,CZE,2018,280000000
Czechia,CZE,2019,360000000
Czechia,CZE,2020,360000000
Czechia,CZE,2021,410000000
Democratic Republic of Congo,COD,2010,370000000
Democratic Republic of Congo,COD,2011,510000000
Democratic Republic of Congo,COD,2012,560000000
Democratic Republic of Congo,COD,2013,550000000
Democratic Republic of Congo,COD,2014,600000000
Democratic Republic of Congo,COD,2015,0
Democratic Republic of Congo,COD,2016,0
Democratic Republic of Congo,COD,2017,0
Democratic Republic of Congo,COD,2018,0
Democratic Republic of Congo,COD,2019,0
Democratic Republic of Congo,COD,2020,0
Denmark,DNK,2010,1300000000
Denmark,DNK,2011,1450000000
Denmark,DNK,2012,1140000000
Denmark,DNK,2013,1190000000
Denmark,DNK,2014,1190000000
Denmark,DNK,2015,890000000
Denmark,DNK,2016,860000000
Denmark,DNK,2017,1160000000
Denmark,DNK,2018,1310000000
Denmark,DNK,2019,1310000000
Denmark,DNK,2020,1420000000
Denmark,DNK,2021,1520000000
Djibouti,DJI,2010,10000000
Djibouti,DJI,2011,10000000
Djibouti,DJI,2012,10000000
Djibouti,DJI,2013,10000000
Djibouti,DJI,2014,10000000
Djibouti,DJI,2015,80000000
Djibouti,DJI,2016,80000000
Djibouti,DJI,2017,70000000
Djibouti,DJI,2018,80000000
Djibouti,DJI,2019,80000000
Djibouti,DJI,2020,60000000
Dominica,DMA,2010,0
Dominica,DMA,2011,0
Dominica,DMA,2012,0
Dominica,DMA,2013,0
Dominica,DMA,2014,0
Dominica,DMA,2015,0
Dominica,DMA,2016,0
Dominica,DMA,2017,0
Dominica,DMA,2018,0
Dominica,DMA,2019,0
Dominica,DMA,2020,0
Dominican Republic,DOM,2010,0
Dominican Republic,DOM,2011,1100000000
Dominican Republic,DOM,2012,1150000000
Dominican Republic,DOM,2013,1190000000
Dominican Republic,DOM,2014,1130000000
Dominican Republic,DOM,2015,20000000
Dominican Republic,DOM,2016,0
Dominican Republic,DOM,2017,0
Dominican Republic,DOM,2018,0
Dominican Republic,DOM,2019,10000000
Dominican Republic,DOM,2020,0
East Timor,TLS,2010,0
East Timor,TLS,2011,0
East Timor,TLS,2012,0
East Timor,TLS,2013,0
East Timor,TLS,2014,0
East Timor,TLS,2015,30000000
East Timor,TLS,2016,10000000
East Timor,TLS,2017,40000000
East Timor,TLS,2018,70000000
East Timor,TLS,2019,90000000
East Timor,TLS,2020,60000000
Eastern and South-Eastern Asia (UN),,2010,49590000000
Eastern and South-Eastern Asia (UN),,2011,74830000000
Eastern and South-Eastern Asia (UN),,2012,99540000000
Eastern and South-Eastern Asia (UN),,2013,90810000000
Eastern and South-Eastern Asia (UN),,2014,90170000000
Eastern and South-Eastern Asia (UN),,2015,69180000000
Eastern and South-Eastern Asia (UN),,2016,50840000000
Eastern and South-Eastern Asia (UN),,2017,54000000000
Eastern and South-Eastern Asia (UN),,2018,63680000000
Eastern and South-Eastern Asia (UN),,2019,59710000000
Eastern and South-Eastern Asia (UN),,2020,50220000000
Eastern and South-Eastern Asia (UN),,2021,54690000000
Ecuador,ECU,2010,3030000000
Ecuador,ECU,2011,5000000000
Ecuador,ECU,2012,5790000000
Ecuador,ECU,2013,5990000000
Ecuador,ECU,2014,5550000000
Ecuador,ECU,2015,2540000000
Ecuador,ECU,2016,1540000000
Ecuador,ECU,2017,2490000000
Ecuador,ECU,2018,3520000000
Ecuador,ECU,2019,2890000000
Ecuador,ECU,2020,710000000
Ecuador,ECU,2021,1510000000
Egypt,EGY,2010,18290000000
Egypt,EGY,2011,26870000000
Egypt,EGY,2012,28810000000
Egypt,EGY,2013,29380000000
Egypt,EGY,2014,24550000000
Egypt,EGY,2015,16920000000.000002
Egypt,EGY,2016,13690000000
Egypt,EGY,2017,21560000000
Egypt,EGY,2018,26440000000
Egypt,EGY,2019,17500000000
Egypt,EGY,2020,9690000000
Egypt,EGY,2021,27040000000
El Salvador,SLV,2010,30000000
El Salvador,SLV,2011,0
El Salvador,SLV,2012,0
El Salvador,SLV,2013,0
El Salvador,SLV,2014,0
El Salvador,SLV,2015,0
El Salvador,SLV,2016,0
El Salvador,SLV,2017,0
El Salvador,SLV,2018,0
El Salvador,SLV,2019,0
El Salvador,SLV,2020,0
El Salvador,SLV,2021,0
Equatorial Guinea,GNQ,2010,0
Equatorial Guinea,GNQ,2011,10000000
Equatorial Guinea,GNQ,2012,10000000
Equatorial Guinea,GNQ,2013,10000000
Equatorial Guinea,GNQ,2014,10000000
Equatorial Guinea,GNQ,2015,0
Equatorial Guinea,GNQ,2016,0
Equatorial Guinea,GNQ,2017,20000000
Equatorial Guinea,GNQ,2018,60000000
Equatorial Guinea,GNQ,2019,60000000
Equatorial Guinea,GNQ,2020,0
Eritrea,ERI,2010,0
Eritrea,ERI,2011,0
Eritrea,ERI,2012,0
Eritrea,ERI,2013,0
Eritrea,ERI,2014,0
Eritrea,ERI,2015,0
Eritrea,ERI,2016,0
Eritrea,ERI,2017,0
Eritrea,ERI,2018,0
Eritrea,ERI,2019,0
Eritrea,ERI,2020,0
Estonia,EST,2010,120000000
Estonia,EST,2011,130000000
Estonia,EST,2012,100000000
Estonia,EST,2013,90000000
Estonia,EST,2014,80000000
Estonia,EST,2015,60000000
Estonia,EST,2016,40000000
Estonia,EST,2017,50000000
Estonia,EST,2018,50000000
Estonia,EST,2019,50000000
Estonia,EST,2020,40000000
Estonia,EST,2021,40000000
Eswatini,SWZ,2010,0
Eswatini,SWZ,2011,0
Eswatini,SWZ,2012,0
Eswatini,SWZ,2013,0
Eswatini,SWZ,2014,0
Eswatini,SWZ,2015,0
Eswatini,SWZ,2016,0
Eswatini,SWZ,2017,0
Eswatini,SWZ,2018,0
Eswatini,SWZ,2019,0
Eswatini,SWZ,2020,0
Ethiopia,ETH,2010,370000000
Ethiopia,ETH,2011,460000000
Ethiopia,ETH,2012,600000000
Ethiopia,ETH,2013,750000000
Ethiopia,ETH,2014,640000000
Ethiopia,ETH,2015,500000000
Ethiopia,ETH,2016,510000000
Ethiopia,ETH,2017,810000000
Ethiopia,ETH,2018,1180000000
Ethiopia,ETH,2019,930000000
Ethiopia,ETH,2020,570000000
Europe (UN),,2010,70710000000
Europe (UN),,2011,74690000000
Europe (UN),,2012,79120000000
Europe (UN),,2013,94970000000
Europe (UN),,2014,89660000000
Europe (UN),,2015,81180000000
Europe (UN),,2016,76080000000
Europe (UN),,2017,85940000000
Europe (UN),,2018,100050000000
Europe (UN),,2019,101190000000
Europe (UN),,2020,82800000000
Europe (UN),,2021,100570000000
Europe and Northern America (UN),,2010,90410000000
Europe and Northern America (UN),,2011,88350000000
Europe and Northern America (UN),,2012,93710000000
Europe and Northern America (UN),,2013,109390000000
Europe and Northern America (UN),,2014,103230000000
Europe and Northern America (UN),,2015,92090000000
Europe and Northern America (UN),,2016,85140000000
Europe and Northern America (UN),,2017,95090000000
Europe and Northern America (UN),,2018,111560000000
Europe and Northern America (UN),,2019,113910000000
Europe and Northern America (UN),,2020,95520000000
Europe and Northern America (UN),,2021,113250000000
Fiji,FJI,2010,0
Fiji,FJI,2011,0
Fiji,FJI,2012,0
Fiji,FJI,2013,0
Fiji,FJI,2014,0
Fiji,FJI,2015,0
Fiji,FJI,2016,30000000
Fiji,FJI,2017,40000000
Fiji,FJI,2018,50000000
Fiji,FJI,2019,30000000
Fiji,FJI,2020,0
Finland,FIN,2010,1030000000
Finland,FIN,2011,1050000000
Finland,FIN,2012,1070000000.0000001
Finland,FIN,2013,1240000000
Finland,FIN,2014,1710000000
Finland,FIN,2015,1360000000
Finland,FIN,2016,1440000000
Finland,FIN,2017,1490000000
Finland,FIN,2018,1650000000
Finland,FIN,2019,1470000000
Finland,FIN,2020,1550000000
Finland,FIN,2021,1510000000
France,FRA,2010,3620000000
France,FRA,2011,5990000000
France,FRA,2012,6180000000
France,FRA,2013,6250000000
France,FRA,2014,6020000000
France,FRA,2015,5570000000
France,FRA,2016,6350000000
France,FRA,2017,7420000000
France,FRA,2018,10150000000
France,FRA,2019,10100000000
France,FRA,2020,9270000000
France,FRA,2021,9950000000
Gabon,GAB,2010,0
Gabon,GAB,2011,0
Gabon,GAB,2012,60000000
Gabon,GAB,2013,100000000
Gabon,GAB,2014,150000000
Gabon,GAB,2015,140000000
Gabon,GAB,2016,130000000
Gabon,GAB,2017,50000000
Gabon,GAB,2018,50000000
Gabon,GAB,2019,40000000
Gabon,GAB,2020,60000000
Gabon,GAB,2021,50000000
Gambia,GMB,2010,0
Gambia,GMB,2011,0
Gambia,GMB,2012,0
Gambia,GMB,2013,0
Gambia,GMB,2014,0
Gambia,GMB,2015,0
Gambia,GMB,2016,0
Gambia,GMB,2017,0
Gambia,GMB,2018,0
Gambia,GMB,2019,0
Gambia,GMB,2020,0
Georgia,GEO,2010,10000000
Georgia,GEO,2011,10000000
Georgia,GEO,2012,10000000
Georgia,GEO,2013,10000000
Georgia,GEO,2014,10000000
Georgia,GEO,2015,10000000
Georgia,GEO,2016,10000000
Georgia,GEO,2017,10000000
Georgia,GEO,2018,10000000
Georgia,GEO,2019,10000000
Georgia,GEO,2020,60000000
Georgia,GEO,2021,20000000
Germany,DEU,2010,13620000000
Germany,DEU,2011,12750000000
Germany,DEU,2012,11910000000
Germany,DEU,2013,11470000000
Germany,DEU,2014,11830000000
Germany,DEU,2015,9670000000
Germany,DEU,2016,10280000000
Germany,DEU,2017,9610000000
Germany,DEU,2018,9960000000
Germany,DEU,2019,8800000000
Germany,DEU,2020,9640000000
Germany,DEU,2021,7860000000
Ghana,GHA,2010,250000000
Ghana,GHA,2011,160000000
Ghana,GHA,2012,180000000
Ghana,GHA,2013,80000000
Ghana,GHA,2014,40000000
Ghana,GHA,2015,40000000
Ghana,GHA,2016,30000000
Ghana,GHA,2017,80000000
Ghana,GHA,2018,130000000
Ghana,GHA,2019,10000000
Ghana,GHA,2020,100000000
Ghana,GHA,2021,540000000
Greece,GRC,2010,3100000000
Greece,GRC,2011,3100000000
Greece,GRC,2012,3840000000
Greece,GRC,2013,4050000000
Greece,GRC,2014,3210000000
Greece,GRC,2015,2380000000
Greece,GRC,2016,2060000000
Greece,GRC,2017,2370000000
Greece,GRC,2018,2330000000
Greece,GRC,2019,2140000000.0000002
Greece,GRC,2020,1920000000
Greece,GRC,2021,2120000000
Grenada,GRD,2010,0
Grenada,GRD,2011,0
Grenada,GRD,2012,0
Grenada,GRD,2013,0
Grenada,GRD,2014,0
Grenada,GRD,2015,0
Grenada,GRD,2016,0
Grenada,GRD,2017,0
Grenada,GRD,2018,0
Grenada,GRD,2019,0
Grenada,GRD,2020,0
Guatemala,GTM,2010,0
Guatemala,GTM,2011,190000000
Guatemala,GTM,2012,200000000
Guatemala,GTM,2013,830000000
Guatemala,GTM,2014,860000000
Guatemala,GTM,2015,30000000
Guatemala,GTM,2016,40000000
Guatemala,GTM,2017,160000000
Guatemala,GTM,2018,210000000
Guatemala,GTM,2019,90000000
Guatemala,GTM,2020,0
Guinea,GIN,2010,0
Guinea,GIN,2011,0
Guinea,GIN,2012,0
Guinea,GIN,2013,0
Guinea,GIN,2014,0
Guinea,GIN,2015,0
Guinea,GIN,2016,0
Guinea,GIN,2017,0
Guinea,GIN,2018,0
Guinea,GIN,2019,0
Guinea,GIN,2020,0
Guinea-Bissau,GNB,2010,0
Guinea-Bissau,GNB,2011,0
Guinea-Bissau,GNB,2012,0
Guinea-Bissau,GNB,2013,0
Guinea-Bissau,GNB,2014,0
Guinea-Bissau,GNB,2015,0
Guinea-Bissau,GNB,2016,0
Guinea-Bissau,GNB,2017,0
Guinea-Bissau,GNB,2018,0
Guinea-Bissau,GNB,2019,0
Guinea-Bissau,GNB,2020,0
Guyana,GUY,2010,0
Guyana,GUY,2011,40000000
Guyana,GUY,2012,60000000
Guyana,GUY,2013,40000000
Guyana,GUY,2014,40000000
Guyana,GUY,2015,0
Guyana,GUY,2016,0
Guyana,GUY,2017,0
Guyana,GUY,2018,0
Guyana,GUY,2019,0
Guyana,GUY,2020,0
Haiti,HTI,2010,0
Haiti,HTI,2011,200000000
Haiti,HTI,2012,210000000
Haiti,HTI,2013,230000000
Haiti,HTI,2014,210000000
Haiti,HTI,2015,0
Haiti,HTI,2016,0
Haiti,HTI,2017,0
Haiti,HTI,2018,70000000
Haiti,HTI,2019,210000000
Haiti,HTI,2020,30000000
Honduras,HND,2010,0
Honduras,HND,2011,160000000
Honduras,HND,2012,170000000
Honduras,HND,2013,170000000
Honduras,HND,2014,170000000
Honduras,HND,2015,60000000
Honduras,HND,2016,150000000
Honduras,HND,2017,170000000
Honduras,HND,2018,70000000
Honduras,HND,2019,70000000
Honduras,HND,2020,50000000
Hong Kong,HKG,2010,0
Hong Kong,HKG,2011,0
Hong Kong,HKG,2012,0
Hong Kong,HKG,2013,0
Hong Kong,HKG,2014,0
Hong Kong,HKG,2015,30000000
Hong Kong,HKG,2016,0
Hong Kong,HKG,2017,620000000
Hong Kong,HKG,2018,1480000000
Hong Kong,HKG,2019,1860000000
Hong Kong,HKG,2020,700000000
Hungary,HUN,2010,450000000
Hungary,HUN,2011,490000000
Hungary,HUN,2012,400000000
Hungary,HUN,2013,400000000
Hungary,HUN,2014,400000000
Hungary,HUN,2015,430000000
Hungary,HUN,2016,300000000
Hungary,HUN,2017,340000000
Hungary,HUN,2018,360000000
Hungary,HUN,2019,300000000
Hungary,HUN,2020,360000000
Hungary,HUN,2021,240000000
Iceland,ISL,2010,0
Iceland,ISL,2011,0
Iceland,ISL,2012,0
Iceland,ISL,2013,0
Iceland,ISL,2014,0
Iceland,ISL,2015,0
Iceland,ISL,2016,0
Iceland,ISL,2017,0
Iceland,ISL,2018,0
Iceland,ISL,2019,0
Iceland,ISL,2020,0
Iceland,ISL,2021,0
India,IND,2010,8270000000
India,IND,2011,13900000000
India,IND,2012,14650000000
India,IND,2013,20710000000
India,IND,2014,13110000000
India,IND,2015,12720000000
India,IND,2016,10320000000
India,IND,2017,11050000000
India,IND,2018,13180000000
India,IND,2019,9960000000
India,IND,2020,6040000000
India,IND,2021,4240000000
Indonesia,IDN,2010,15090000000
Indonesia,IDN,2011,30740000000
Indonesia,IDN,2012,33790000000
Indonesia,IDN,2013,30530000000
Indonesia,IDN,2014,29620000000
Indonesia,IDN,2015,10300000000
Indonesia,IDN,2016,11300000000
Indonesia,IDN,2017,10170000000
Indonesia,IDN,2018,15240000000
Indonesia,IDN,2019,15240000000
Indonesia,IDN,2020,12530000000
Indonesia,IDN,2021,14930000000
Iran,IRN,2010,82710000000
Iran,IRN,2011,74880000000
Iran,IRN,2012,88300000000
Iran,IRN,2013,86680000000
Iran,IRN,2014,81340000000
Iran,IRN,2015,47410000000
Iran,IRN,2016,28400000000
Iran,IRN,2017,47120000000
Iran,IRN,2018,68330000000
Iran,IRN,2019,89580000000
Iran,IRN,2020,34670000000
Iran,IRN,2021,58930000000
Iraq,IRQ,2010,10770000000
Iraq,IRQ,2011,15170000000
Iraq,IRQ,2012,16940000000.000002
Iraq,IRQ,2013,14610000000
Iraq,IRQ,2014,10250000000
Iraq,IRQ,2015,4990000000
Iraq,IRQ,2016,3990000000
Iraq,IRQ,2017,6510000000
Iraq,IRQ,2018,9980000000
Iraq,IRQ,2019,8510000000
Iraq,IRQ,2020,4720000000
Iraq,IRQ,2021,10820000000
Ireland,IRL,2015,2710000000
Ireland,IRL,2016,2630000000
Ireland,IRL,2017,2860000000
Ireland,IRL,2018,3300000000
Ireland,IRL,2019,3140000000
Ireland,IRL,2020,2460000000
Israel,ISR,2010,570000000
Israel,ISR,2011,680000000
Israel,ISR,2012,830000000
Israel,ISR,2013,960000000
Israel,ISR,2014,970000000
Israel,ISR,2015,940000000
Israel,ISR,2016,990000000
Israel,ISR,2017,1100000000
Israel,ISR,2018,1150000000
Israel,ISR,2019,1160000000
Israel,ISR,2020,1090000000
Israel,ISR,2021,1200000000
Italy,ITA,2010,7660000000
Italy,ITA,2011,9990000000
Italy,ITA,2012,11940000000
Italy,ITA,2013,12900000000
Italy,ITA,2014,13270000000
Italy,ITA,2015,11480000000
Italy,ITA,2016,11140000000
Italy,ITA,2017,9710000000
Italy,ITA,2018,11050000000
Italy,ITA,2019,11350000000
Italy,ITA,2020,10280000000
Italy,ITA,2021,12420000000
Jamaica,JAM,2010,0
Jamaica,JAM,2011,10000000
Jamaica,JAM,2012,10000000
Jamaica,JAM,2013,10000000
Jamaica,JAM,2014,10000000
Jamaica,JAM,2015,0
Jamaica,JAM,2016,0
Jamaica,JAM,2017,0
Jamaica,JAM,2018,0
Jamaica,JAM,2019,0
Jamaica,JAM,2020,0
Japan,JPN,2010,2180000000
Japan,JPN,2011,2940000000
Japan,JPN,2012,3570000000
Japan,JPN,2013,3780000000
Japan,JPN,2014,2880000000
Japan,JPN,2015,2870000000
Japan,JPN,2016,3320000000
Japan,JPN,2017,2680000000
Japan,JPN,2018,2200000000
Japan,JPN,2019,2390000000
Japan,JPN,2020,2230000000
Japan,JPN,2021,3250000000
Jordan,JOR,2010,410000000
Jordan,JOR,2011,1960000000
Jordan,JOR,2012,2089999999.9999998
Jordan,JOR,2013,1300000000
Jordan,JOR,2014,1240000000
Jordan,JOR,2015,310000000
Jordan,JOR,2016,0
Jordan,JOR,2017,0
Jordan,JOR,2018,150000000
Jordan,JOR,2019,150000000
Jordan,JOR,2020,130000000
Kazakhstan,KAZ,2010,6210000000
Kazakhstan,KAZ,2011,8760000000
Kazakhstan,KAZ,2012,7680000000
Kazakhstan,KAZ,2013,5850000000
Kazakhstan,KAZ,2014,5540000000
Kazakhstan,KAZ,2015,3000000000
Kazakhstan,KAZ,2016,3960000000
Kazakhstan,KAZ,2017,5160000000
Kazakhstan,KAZ,2018,7700000000
Kazakhstan,KAZ,2019,5510000000
Kazakhstan,KAZ,2020,3650000000
Kazakhstan,KAZ,2021,11900000000
Kenya,KEN,2010,0
Kenya,KEN,2011,0
Kenya,KEN,2012,10000000
Kenya,KEN,2013,0
Kenya,KEN,2014,0
Kenya,KEN,2015,0
Kenya,KEN,2016,0
Kenya,KEN,2017,0
Kenya,KEN,2018,0
Kenya,KEN,2019,0
Kenya,KEN,2020,0
Kiribati,KIR,2010,0
Kiribati,KIR,2011,0
Kiribati,KIR,2012,0
Kiribati,KIR,2013,0
Kiribati,KIR,2014,0
Kiribati,KIR,2015,0
Kiribati,KIR,2016,0
Kiribati,KIR,2017,0
Kiribati,KIR,2018,0
Kiribati,KIR,2019,0
Kiribati,KIR,2020,0
Kuwait,KWT,2010,7180000000
Kuwait,KWT,2011,8700000000
Kuwait,KWT,2012,9050000000
Kuwait,KWT,2013,9810000000
Kuwait,KWT,2014,9430000000
Kuwait,KWT,2015,6220000000
Kuwait,KWT,2016,5290000000
Kuwait,KWT,2017,5250000000
Kuwait,KWT,2018,6220000000
Kuwait,KWT,2019,4770000000
Kuwait,KWT,2020,2470000000
Kuwait,KWT,2021,8289999999.999999
Kyrgyzstan,KGZ,2010,340000000
Kyrgyzstan,KGZ,2011,730000000
Kyrgyzstan,KGZ,2012,940000000
Kyrgyzstan,KGZ,2013,1030000000
Kyrgyzstan,KGZ,2014,910000000
Kyrgyzstan,KGZ,2015,430000000
Kyrgyzstan,KGZ,2016,330000000
Kyrgyzstan,KGZ,2017,500000000
Kyrgyzstan,KGZ,2018,510000000
Kyrgyzstan,KGZ,2019,560000000
Kyrgyzstan,KGZ,2020,340000000
Laos,LAO,2010,0
Laos,LAO,2011,0
Laos,LAO,2012,0
Laos,LAO,2013,0
Laos,LAO,2014,0
Laos,LAO,2015,0
Laos,LAO,2016,0
Laos,LAO,2017,30000000
Laos,LAO,2018,50000000
Laos,LAO,2019,60000000
Laos,LAO,2020,80000000
Latin America and the Caribbean (UN),,2010,69170000000
Latin America and the Caribbean (UN),,2011,96370000000
Latin America and the Caribbean (UN),,2012,108870000000
Latin America and the Caribbean (UN),,2013,105800000000
Latin America and the Caribbean (UN),,2014,89360000000
Latin America and the Caribbean (UN),,2015,60840000000
Latin America and the Caribbean (UN),,2016,64620000000.00001
Latin America and the Caribbean (UN),,2017,48340000000
Latin America and the Caribbean (UN),,2018,50080000000
Latin America and the Caribbean (UN),,2019,54710000000
Latin America and the Caribbean (UN),,2020,33409999999.999996
Latin America and the Caribbean (UN),,2021,71620000000
Latvia,LVA,2010,200000000
Latvia,LVA,2011,230000000
Latvia,LVA,2012,310000000
Latvia,LVA,2013,350000000
Latvia,LVA,2014,340000000
Latvia,LVA,2015,270000000
Latvia,LVA,2016,260000000
Latvia,LVA,2017,250000000
Latvia,LVA,2018,190000000
Latvia,LVA,2019,190000000
Latvia,LVA,2020,180000000
Latvia,LVA,2021,190000000
Least Developed Countries (LDCs),,2010,13330000000
Least Developed Countries (LDCs),,2011,17160000000
Least Developed Countries (LDCs),,2012,19580000000
Least Developed Countries (LDCs),,2013,18200000000
Least Developed Countries (LDCs),,2014,14820000000
Least Developed Countries (LDCs),,2015,5730000000
Least Developed Countries (LDCs),,2016,3830000000
Least Developed Countries (LDCs),,2017,6350000000
Least Developed Countries (LDCs),,2018,14190000000
Least Developed Countries (LDCs),,2019,8680000000
Least Developed Countries (LDCs),,2020,7810000000
Lebanon,LBN,2010,1380000000
Lebanon,LBN,2011,1790000000
Lebanon,LBN,2012,1920000000
Lebanon,LBN,2013,2300000000
Lebanon,LBN,2014,2250000000
Lebanon,LBN,2015,4700000000
Lebanon,LBN,2016,3980000000
Lebanon,LBN,2017,5190000000
Lebanon,LBN,2018,6400000000
Lebanon,LBN,2019,6140000000
Lebanon,LBN,2020,3480000000
Lesotho,LSO,2010,30000000
Lesotho,LSO,2011,30000000
Lesotho,LSO,2012,30000000
Lesotho,LSO,2013,40000000
Lesotho,LSO,2014,40000000
Lesotho,LSO,2015,0
Lesotho,LSO,2016,0
Lesotho,LSO,2017,0
Lesotho,LSO,2018,0
Lesotho,LSO,2019,0
Lesotho,LSO,2020,0
Liberia,LBR,2010,0
Liberia,LBR,2011,0
Liberia,LBR,2012,0
Liberia,LBR,2013,0
Liberia,LBR,2014,0
Liberia,LBR,2015,0
Liberia,LBR,2016,0
Liberia,LBR,2017,0
Liberia,LBR,2018,0
Liberia,LBR,2019,0
Liberia,LBR,2020,0
Libya,LBY,2010,5550000000
Libya,LBY,2011,5740000000
Libya,LBY,2012,7300000000
Libya,LBY,2013,7570000000
Libya,LBY,2014,7180000000
Libya,LBY,2015,3620000000
Libya,LBY,2016,3280000000
Libya,LBY,2017,3880000000
Libya,LBY,2018,5000000000
Libya,LBY,2019,4460000000
Libya,LBY,2020,3460000000
Libya,LBY,2021,5720000000
Lithuania,LTU,2010,170000000
Lithuania,LTU,2011,210000000
Lithuania,LTU,2012,220000000
Lithuania,LTU,2013,220000000
Lithuania,LTU,2014,240000000
Lithuania,LTU,2015,220000000
Lithuania,LTU,2016,300000000
Lithuania,LTU,2017,290000000
Lithuania,LTU,2018,310000000
Lithuania,LTU,2019,300000000
Lithuania,LTU,2020,520000000
Lithuania,LTU,2021,540000000
Luxembourg,LUX,2015,120000000
Luxembourg,LUX,2016,120000000
Luxembourg,LUX,2017,120000000
Luxembourg,LUX,2018,140000000
Luxembourg,LUX,2019,150000000
Luxembourg,LUX,2020,140000000
Luxembourg,LUX,2021,0
Macao,MAC,2010,0
Macao,MAC,2011,0
Macao,MAC,2012,0
Macao,MAC,2013,0
Macao,MAC,2014,0
Macao,MAC,2015,0
Macao,MAC,2016,0
Macao,MAC,2017,0
Macao,MAC,2018,0
Macao,MAC,2019,0
Macao,MAC,2020,0
Madagascar,MDG,2010,80000000
Madagascar,MDG,2011,100000000
Madagascar,MDG,2012,110000000
Madagascar,MDG,2013,110000000
Madagascar,MDG,2014,120000000
Madagascar,MDG,2015,10000000
Madagascar,MDG,2016,10000000
Madagascar,MDG,2017,80000000
Madagascar,MDG,2018,80000000
Madagascar,MDG,2019,60000000
Madagascar,MDG,2020,120000000
Malawi,MWI,2010,120000000
Malawi,MWI,2011,140000000
Malawi,MWI,2012,150000000
Malawi,MWI,2013,150000000
Malawi,MWI,2014,150000000
Malawi,MWI,2015,0
Malawi,MWI,2016,0
Malawi,MWI,2017,0
Malawi,MWI,2018,0
Malawi,MWI,2019,0
Malawi,MWI,2020,0
Malaysia,MYS,2010,3730000000
Malaysia,MYS,2011,6510000000
Malaysia,MYS,2012,7730000000
Malaysia,MYS,2013,9410000000
Malaysia,MYS,2014,5730000000
Malaysia,MYS,2015,350000000
Malaysia,MYS,2016,1400000000
Malaysia,MYS,2017,1900000000
Malaysia,MYS,2018,1790000000
Malaysia,MYS,2019,1380000000
Malaysia,MYS,2020,100000000
Malaysia,MYS,2021,3030000000
Maldives,MDV,2010,0
Maldives,MDV,2011,0
Maldives,MDV,2012,0
Maldives,MDV,2013,0
Maldives,MDV,2014,0
Maldives,MDV,2015,40000000
Maldives,MDV,2016,30000000
Maldives,MDV,2017,140000000
Maldives,MDV,2018,140000000
Maldives,MDV,2019,130000000
Maldives,MDV,2020,60000000
Mali,MLI,2010,100000000
Mali,MLI,2011,140000000
Mali,MLI,2012,140000000
Mali,MLI,2013,160000000
Mali,MLI,2014,170000000
Mali,MLI,2015,0
Mali,MLI,2016,0
Mali,MLI,2017,0
Mali,MLI,2018,40000000
Mali,MLI,2019,40000000
Mali,MLI,2020,20000000
Malta,MLT,2010,0
Malta,MLT,2011,0
Malta,MLT,2012,0
Malta,MLT,2013,0
Malta,MLT,2014,0
Malta,MLT,2015,0
Malta,MLT,2016,0
Malta,MLT,2017,0
Malta,MLT,2018,0
Malta,MLT,2019,0
Malta,MLT,2020,0
Mauritania,MRT,2010,30000000
Mauritania,MRT,2011,40000000
Mauritania,MRT,2012,50000000
Mauritania,MRT,2013,50000000
Mauritania,MRT,2014,50000000
Mauritania,MRT,2015,90000000
Mauritania,MRT,2016,80000000
Mauritania,MRT,2017,110000000
Mauritania,MRT,2018,200000000
Mauritania,MRT,2019,220000000
Mauritania,MRT,2020,210000000
Mauritius,MUS,2010,0
Mauritius,MUS,2011,0
Mauritius,MUS,2012,0
Mauritius,MUS,2013,0
Mauritius,MUS,2014,0
Mauritius,MUS,2015,0
Mauritius,MUS,2016,0
Mauritius,MUS,2017,60000000
Mauritius,MUS,2018,80000000
Mauritius,MUS,2019,100000000
Mauritius,MUS,2020,50000000
Mexico,MEX,2010,7250000000
Mexico,MEX,2011,16829999999.999998
Mexico,MEX,2012,18520000000
Mexico,MEX,2013,8620000000
Mexico,MEX,2014,3310000000
Mexico,MEX,2015,4950000000
Mexico,MEX,2016,18570000000
Mexico,MEX,2017,4640000000
Mexico,MEX,2018,4440000000
Mexico,MEX,2019,19830000000
Mexico,MEX,2020,11610000000
Mexico,MEX,2021,23440000000
Moldova,MDA,2010,70000000
Moldova,MDA,2011,90000000
Moldova,MDA,2012,100000000
Moldova,MDA,2013,90000000
Moldova,MDA,2014,80000000
Moldova,MDA,2015,60000000
Moldova,MDA,2016,60000000
Moldova,MDA,2017,70000000
Moldova,MDA,2018,80000000
Moldova,MDA,2019,70000000
Moldova,MDA,2020,70000000
Moldova,MDA,2021,70000000
Mongolia,MNG,2010,0
Mongolia,MNG,2011,0
Mongolia,MNG,2012,0
Mongolia,MNG,2013,0
Mongolia,MNG,2014,30000000
Mongolia,MNG,2015,0
Mongolia,MNG,2016,0
Mongolia,MNG,2017,30000000
Mongolia,MNG,2018,30000000
Mongolia,MNG,2019,30000000
Mongolia,MNG,2020,20000000
Montenegro,MNE,2010,0
Montenegro,MNE,2011,0
Montenegro,MNE,2012,0
Montenegro,MNE,2013,0
Montenegro,MNE,2014,0
Montenegro,MNE,2015,0
Montenegro,MNE,2016,0
Montenegro,MNE,2017,0
Montenegro,MNE,2018,0
Montenegro,MNE,2019,0
Montenegro,MNE,2020,0
Montserrat,MSR,2015,0
Montserrat,MSR,2016,0
Montserrat,MSR,2017,0
Montserrat,MSR,2018,0
Montserrat,MSR,2019,0
Montserrat,MSR,2020,0
Morocco,MAR,2010,360000000
Morocco,MAR,2011,1050000000
Morocco,MAR,2012,1160000000
Morocco,MAR,2013,530000000
Morocco,MAR,2014,440000000
Morocco,MAR,2015,0
Morocco,MAR,2016,0
Morocco,MAR,2017,30000000
Morocco,MAR,2018,120000000
Morocco,MAR,2019,160000000
Morocco,MAR,2020,90000000
Mozambique,MOZ,2010,500000000
Mozambique,MOZ,2011,820000000
Mozambique,MOZ,2012,880000000
Mozambique,MOZ,2013,910000000
Mozambique,MOZ,2014,1090000000
Mozambique,MOZ,2015,150000000
Mozambique,MOZ,2016,0
Mozambique,MOZ,2017,0
Mozambique,MOZ,2018,0
Mozambique,MOZ,2019,0
Mozambique,MOZ,2020,0
Myanmar,MMR,2010,0
Myanmar,MMR,2011,0
Myanmar,MMR,2012,0
Myanmar,MMR,2013,10000000
Myanmar,MMR,2014,0
Myanmar,MMR,2015,310000000
Myanmar,MMR,2016,230000000
Myanmar,MMR,2017,790000000
Myanmar,MMR,2018,1160000000
Myanmar,MMR,2019,820000000
Myanmar,MMR,2020,600000000
Namibia,NAM,2010,70000000
Namibia,NAM,2011,90000000
Namibia,NAM,2012,100000000
Namibia,NAM,2013,100000000
Namibia,NAM,2014,100000000
Namibia,NAM,2015,0
Namibia,NAM,2016,0
Namibia,NAM,2017,0
Namibia,NAM,2018,0
Namibia,NAM,2019,0
Namibia,NAM,2020,0
Nauru,NRU,2010,0
Nauru,NRU,2011,0
Nauru,NRU,2012,0
Nauru,NRU,2013,0
Nauru,NRU,2014,0
Nauru,NRU,2015,0
Nauru,NRU,2016,0
Nauru,NRU,2017,0
Nauru,NRU,2018,0
Nauru,NRU,2019,0
Nauru,NRU,2020,0
Nepal,NPL,2010,0
Nepal,NPL,2011,10000000
Nepal,NPL,2012,0
Nepal,NPL,2013,0
Nepal,NPL,2014,0
Nepal,NPL,2015,50000000
Nepal,NPL,2016,110000000
Nepal,NPL,2017,110000000
Nepal,NPL,2018,50000000
Nepal,NPL,2019,20000000
Nepal,NPL,2020,10000000
Netherlands,NLD,2010,430000000
Netherlands,NLD,2011,510000000
Netherlands,NLD,2012,420000000
Netherlands,NLD,2013,160000000
Netherlands,NLD,2014,200000000
Netherlands,NLD,2015,170000000
Netherlands,NLD,2016,530000000
Netherlands,NLD,2017,850000000
Netherlands,NLD,2018,880000000
Netherlands,NLD,2019,870000000
Netherlands,NLD,2020,1200000000
Netherlands,NLD,2021,1410000000
New Zealand,NZL,2010,30000000
New Zealand,NZL,2011,30000000
New Zealand,NZL,2012,40000000
New Zealand,NZL,2013,10000000
New Zealand,NZL,2014,20000000
New Zealand,NZL,2015,10000000
New Zealand,NZL,2016,10000000
New Zealand,NZL,2017,0
New Zealand,NZL,2018,10000000
New Zealand,NZL,2019,10000000
New Zealand,NZL,2020,20000000
New Zealand,NZL,2021,20000000
Nicaragua,NIC,2010,0
Nicaragua,NIC,2011,210000000
Nicaragua,NIC,2012,220000000
Nicaragua,NIC,2013,230000000
Nicaragua,NIC,2014,240000000
Nicaragua,NIC,2015,0
Nicaragua,NIC,2016,30000000
Nicaragua,NIC,2017,30000000
Nicaragua,NIC,2018,20000000
Nicaragua,NIC,2019,20000000
Nicaragua,NIC,2020,20000000
Niger,NER,2010,0
Niger,NER,2011,0
Niger,NER,2012,0
Niger,NER,2013,0
Niger,NER,2014,0
Niger,NER,2015,50000000
Niger,NER,2016,50000000
Niger,NER,2017,70000000
Niger,NER,2018,110000000
Niger,NER,2019,130000000
Niger,NER,2020,120000000
Nigeria,NGA,2010,2810000000
Nigeria,NGA,2011,6400000000
Nigeria,NGA,2012,6390000000
Nigeria,NGA,2013,6580000000
Nigeria,NGA,2014,5510000000
Nigeria,NGA,2015,870000000
Nigeria,NGA,2016,60000000
Nigeria,NGA,2017,940000000
Nigeria,NGA,2018,2290000000
Nigeria,NGA,2019,1830000000
Nigeria,NGA,2020,420000000
Nigeria,NGA,2021,5280000000
North Macedonia,MKD,2010,0
North Macedonia,MKD,2011,0
North Macedonia,MKD,2012,0
North Macedonia,MKD,2013,0
North Macedonia,MKD,2014,0
North Macedonia,MKD,2015,30000000
North Macedonia,MKD,2016,20000000
North Macedonia,MKD,2017,160000000
North Macedonia,MKD,2018,150000000
North Macedonia,MKD,2019,160000000
North Macedonia,MKD,2020,80000000
Northern Africa (UN),,2010,38920000000
Northern Africa (UN),,2011,53030000000
Northern Africa (UN),,2012,61320000000
Northern Africa (UN),,2013,62760000000
Northern Africa (UN),,2014,55040000000
Northern Africa (UN),,2015,35300000000
Northern Africa (UN),,2016,25040000000
Northern Africa (UN),,2017,37590000000
Northern Africa (UN),,2018,55770000000
Northern Africa (UN),,2019,38140000000
Northern Africa (UN),,2020,24420000000
Northern Africa (UN),,2021,56340000000
Northern America (UN),,2010,19700000000
Northern America (UN),,2011,13660000000
Northern America (UN),,2012,14590000000
Northern America (UN),,2013,14420000000
Northern America (UN),,2014,13580000000
Northern America (UN),,2015,10910000000
Northern America (UN),,2016,9060000000
Northern America (UN),,2017,9150000000
Northern America (UN),,2018,11510000000
Northern America (UN),,2019,12720000000
Northern America (UN),,2020,12720000000
Northern America (UN),,2021,12680000000
Oceania (UN),,2010,5360000000
Oceania (UN),,2011,6670000000
Oceania (UN),,2012,5780000000
Oceania (UN),,2013,5480000000
Oceania (UN),,2014,5170000000
Oceania (UN),,2015,4390000000
Oceania (UN),,2016,7170000000
Oceania (UN),,2017,7620000000
Oceania (UN),,2018,7660000000
Oceania (UN),,2019,7650000000
Oceania (UN),,2020,7650000000
Oceania (UN),,2021,9340000000
Oman,OMN,2010,80000000
Oman,OMN,2011,0
Oman,OMN,2012,0
Oman,OMN,2013,0
Oman,OMN,2014,140000000
Oman,OMN,2015,90000000
Oman,OMN,2016,100000000
Oman,OMN,2017,120000000
Oman,OMN,2018,140000000
Oman,OMN,2019,130000000
Oman,OMN,2020,110000000
Oman,OMN,2021,160000000
Pakistan,PAK,2010,7230000000
Pakistan,PAK,2011,11380000000
Pakistan,PAK,2012,11210000000
Pakistan,PAK,2013,8220000000.000001
Pakistan,PAK,2014,6910000000
Pakistan,PAK,2015,3250000000
Pakistan,PAK,2016,1720000000
Pakistan,PAK,2017,3560000000
Pakistan,PAK,2018,5910000000
Pakistan,PAK,2019,2940000000
Pakistan,PAK,2020,230000000
Pakistan,PAK,2021,8260000000
Palestine,PSE,2015,450000000
Palestine,PSE,2016,350000000
Palestine,PSE,2017,640000000
Palestine,PSE,2018,1090000000
Palestine,PSE,2019,1000000000
Palestine,PSE,2020,710000000
Panama,PAN,2010,30000000
Panama,PAN,2011,190000000
Panama,PAN,2012,210000000
Panama,PAN,2013,230000000
Panama,PAN,2014,240000000
Panama,PAN,2015,0
Panama,PAN,2016,0
Panama,PAN,2017,0
Panama,PAN,2018,10000000
Panama,PAN,2019,0
Panama,PAN,2020,0
Papua New Guinea,PNG,2010,0
Papua New Guinea,PNG,2011,0
Papua New Guinea,PNG,2012,0
Papua New Guinea,PNG,2013,0
Papua New Guinea,PNG,2014,0
Papua New Guinea,PNG,2015,0
Papua New Guinea,PNG,2016,0
Papua New Guinea,PNG,2017,0
Papua New Guinea,PNG,2018,200000000
Papua New Guinea,PNG,2019,290000000
Papua New Guinea,PNG,2020,340000000
Paraguay,PRY,2010,0
Paraguay,PRY,2011,30000000
Paraguay,PRY,2012,30000000
Paraguay,PRY,2013,40000000
Paraguay,PRY,2014,40000000
Paraguay,PRY,2015,20000000
Paraguay,PRY,2016,50000000
Paraguay,PRY,2017,10000000
Paraguay,PRY,2018,10000000
Paraguay,PRY,2019,40000000
Paraguay,PRY,2020,70000000
Peru,PER,2010,0
Peru,PER,2011,0
Peru,PER,2012,0
Peru,PER,2013,0
Peru,PER,2014,0
Peru,PER,2015,0
Peru,PER,2016,0
Peru,PER,2017,0
Peru,PER,2018,1070000000.0000001
Peru,PER,2019,240000000
Peru,PER,2020,150000000
Philippines,PHL,2010,0
Philippines,PHL,2011,0
Philippines,PHL,2012,0
Philippines,PHL,2013,0
Philippines,PHL,2014,0
Philippines,PHL,2015,600000000
Philippines,PHL,2016,720000000
Philippines,PHL,2017,460000000
Philippines,PHL,2018,650000000
Philippines,PHL,2019,20000000
Philippines,PHL,2020,30000000
Poland,POL,2015,1410000000
Poland,POL,2016,1730000000
Poland,POL,2017,2109999999.9999998
Poland,POL,2018,2140000000.0000002
Poland,POL,2019,1840000000
Poland,POL,2020,1840000000
Poland,POL,2021,1160000000
Portugal,PRT,2010,230000000
Portugal,PRT,2011,510000000
Portugal,PRT,2012,170000000
Portugal,PRT,2013,210000000
Portugal,PRT,2014,220000000
Portugal,PRT,2015,270000000
Portugal,PRT,2016,320000000
Portugal,PRT,2017,500000000
Portugal,PRT,2018,530000000
Portugal,PRT,2019,610000000
Portugal,PRT,2020,690000000
Portugal,PRT,2021,640000000
Puerto Rico,PRI,2010,0
Puerto Rico,PRI,2011,0
Puerto Rico,PRI,2012,0
Puerto Rico,PRI,2013,0
Puerto Rico,PRI,2014,0
Puerto Rico,PRI,2015,0
Puerto Rico,PRI,2016,0
Puerto Rico,PRI,2017,0
Puerto Rico,PRI,2018,0
Puerto Rico,PRI,2019,0
Puerto Rico,PRI,2020,0
Qatar,QAT,2010,4420000000
Qatar,QAT,2011,5530000000
Qatar,QAT,2012,6160000000
Qatar,QAT,2013,6340000000
Qatar,QAT,2014,6710000000
Qatar,QAT,2015,3310000000
Qatar,QAT,2016,1160000000
Qatar,QAT,2017,1690000000
Qatar,QAT,2018,2530000000
Qatar,QAT,2019,560000000
Qatar,QAT,2020,510000000
Qatar,QAT,2021,6820000000
Romania,ROU,2010,0
Romania,ROU,2011,0
Romania,ROU,2012,0
Romania,ROU,2013,0
Romania,ROU,2014,0
Romania,ROU,2015,830000000
Romania,ROU,2016,560000000
Romania,ROU,2017,1030000000
Romania,ROU,2018,1020000000
Romania,ROU,2019,1000000000
Romania,ROU,2020,760000000
Russia,RUS,2010,5940000000
Russia,RUS,2011,7690000000
Russia,RUS,2012,8560000000.000001
Russia,RUS,2013,9230000000
Russia,RUS,2014,6750000000
Russia,RUS,2015,6260000000
Russia,RUS,2016,8050000000.000001
Russia,RUS,2017,12320000000
Russia,RUS,2018,20830000000
Russia,RUS,2019,25540000000
Russia,RUS,2020,10980000000
Russia,RUS,2021,28970000000
Rwanda,RWA,2010,20000000
Rwanda,RWA,2011,20000000
Rwanda,RWA,2012,30000000
Rwanda,RWA,2013,30000000
Rwanda,RWA,2014,30000000
Rwanda,RWA,2015,0
Rwanda,RWA,2016,0
Rwanda,RWA,2017,0
Rwanda,RWA,2018,0
Rwanda,RWA,2019,10000000
Rwanda,RWA,2020,40000000
Saint Kitts and Nevis,KNA,2010,0
Saint Kitts and Nevis,KNA,2011,0
Saint Kitts and Nevis,KNA,2012,0
Saint Kitts and Nevis,KNA,2013,0
Saint Kitts and Nevis,KNA,2014,0
Saint Kitts and Nevis,KNA,2015,0
Saint Kitts and Nevis,KNA,2016,0
Saint Kitts and Nevis,KNA,2017,0
Saint Kitts and Nevis,KNA,2018,0
Saint Kitts and Nevis,KNA,2019,0
Saint Kitts and Nevis,KNA,2020,0
Saint Lucia,LCA,2010,0
Saint Lucia,LCA,2011,0
Saint Lucia,LCA,2012,0
Saint Lucia,LCA,2013,0
Saint Lucia,LCA,2014,0
Saint Lucia,LCA,2015,0
Saint Lucia,LCA,2016,0
Saint Lucia,LCA,2017,0
Saint Lucia,LCA,2018,0
Saint Lucia,LCA,2019,0
Saint Lucia,LCA,2020,0
Saint Vincent and the Grenadines,VCT,2010,0
Saint Vincent and the Grenadines,VCT,2011,0
Saint Vincent and the Grenadines,VCT,2012,0
Saint Vincent and the Grenadines,VCT,2013,0
Saint Vincent and the Grenadines,VCT,2014,0
Saint Vincent and the Grenadines,VCT,2015,0
Saint Vincent and the Grenadines,VCT,2016,0
Saint Vincent and the Grenadines,VCT,2017,0
Saint Vincent and the Grenadines,VCT,2018,0
Saint Vincent and the Grenadines,VCT,2019,0
Saint Vincent and the Grenadines,VCT,2020,0
Samoa,WSM,2010,0
Samoa,WSM,2011,0
Samoa,WSM,2012,0
Samoa,WSM,2013,0
Samoa,WSM,2014,0
Samoa,WSM,2015,0
Samoa,WSM,2016,0
Samoa,WSM,2017,0
Samoa,WSM,2018,0
Samoa,WSM,2019,0
Samoa,WSM,2020,0
Sao Tome and Principe,STP,2010,0
Sao Tome and Principe,STP,2011,0
Sao Tome and Principe,STP,2012,0
Sao Tome and Principe,STP,2013,0
Sao Tome and Principe,STP,2014,0
Sao Tome and Principe,STP,2015,0
Sao Tome and Principe,STP,2016,0
Sao Tome and Principe,STP,2017,0
Sao Tome and Principe,STP,2018,0
Sao Tome and Principe,STP,2019,10000000
Sao Tome and Principe,STP,2020,0
Saudi Arabia,SAU,2010,52590000000
Saudi Arabia,SAU,2011,70600000000
Saudi Arabia,SAU,2012,79430000000
Saudi Arabia,SAU,2013,76380000000
Saudi Arabia,SAU,2014,73680000000
Saudi Arabia,SAU,2015,51530000000
Saudi Arabia,SAU,2016,33850000000
Saudi Arabia,SAU,2017,40310000000
Saudi Arabia,SAU,2018,39160000000
Saudi Arabia,SAU,2019,31190000000
Saudi Arabia,SAU,2020,17950000000
Saudi Arabia,SAU,2021,40940000000
Senegal,SEN,2010,370000000
Senegal,SEN,2011,450000000
Senegal,SEN,2012,490000000
Senegal,SEN,2013,530000000
Senegal,SEN,2014,550000000
Senegal,SEN,2015,0
Senegal,SEN,2016,0
Senegal,SEN,2017,0
Senegal,SEN,2018,20000000
Senegal,SEN,2019,70000000
Senegal,SEN,2020,0
Serbia,SRB,2010,0
Serbia,SRB,2011,0
Serbia,SRB,2012,0
Serbia,SRB,2013,0
Serbia,SRB,2014,0
Serbia,SRB,2015,80000000
Serbia,SRB,2016,60000000
Serbia,SRB,2017,360000000
Serbia,SRB,2018,380000000
Serbia,SRB,2019,460000000
Serbia,SRB,2020,310000000
Seychelles,SYC,2010,0
Seychelles,SYC,2011,0
Seychelles,SYC,2012,0
Seychelles,SYC,2013,0
Seychelles,SYC,2014,0
Seychelles,SYC,2015,0
Seychelles,SYC,2016,0
Seychelles,SYC,2017,0
Seychelles,SYC,2018,0
Seychelles,SYC,2019,0
Seychelles,SYC,2020,0
Sierra Leone,SLE,2010,0
Sierra Leone,SLE,2011,0
Sierra Leone,SLE,2012,0
Sierra Leone,SLE,2013,0
Sierra Leone,SLE,2014,0
Sierra Leone,SLE,2015,0
Sierra Leone,SLE,2016,0
Sierra Leone,SLE,2017,0
Sierra Leone,SLE,2018,0
Sierra Leone,SLE,2019,0
Sierra Leone,SLE,2020,10000000
Singapore,SGP,2015,0
Singapore,SGP,2016,0
Singapore,SGP,2017,0
Singapore,SGP,2018,0
Singapore,SGP,2019,0
Singapore,SGP,2020,0
Singapore,SGP,2021,0
Slovakia,SVK,2015,210000000
Slovakia,SVK,2016,230000000
Slovakia,SVK,2017,400000000
Slovakia,SVK,2018,550000000
Slovakia,SVK,2019,320000000
Slovakia,SVK,2020,180000000
Slovakia,SVK,2021,930000000
Slovenia,SVN,2010,190000000
Slovenia,SVN,2011,150000000
Slovenia,SVN,2012,150000000
Slovenia,SVN,2013,170000000
Slovenia,SVN,2014,180000000
Slovenia,SVN,2015,160000000
Slovenia,SVN,2016,170000000
Slovenia,SVN,2017,180000000
Slovenia,SVN,2018,170000000
Slovenia,SVN,2019,140000000
Slovenia,SVN,2020,120000000
Slovenia,SVN,2021,130000000
Small Island Developing States (SIDS),,2010,40000000
Small Island Developing States (SIDS),,2011,1600000000
Small Island Developing States (SIDS),,2012,2270000000
Small Island Developing States (SIDS),,2013,2820000000
Small Island Developing States (SIDS),,2014,2660000000
Small Island Developing States (SIDS),,2015,6220000000
Small Island Developing States (SIDS),,2016,4490000000
Small Island Developing States (SIDS),,2017,6250000000
Small Island Developing States (SIDS),,2018,9670000000
Small Island Developing States (SIDS),,2019,9690000000
Small Island Developing States (SIDS),,2020,9580000000
Solomon Islands,SLB,2010,0
Solomon Islands,SLB,2011,0
Solomon Islands,SLB,2012,0
Solomon Islands,SLB,2013,0
Solomon Islands,SLB,2014,0
Solomon Islands,SLB,2015,0
Solomon Islands,SLB,2016,0
Solomon Islands,SLB,2017,0
Solomon Islands,SLB,2018,0
Solomon Islands,SLB,2019,0
Solomon Islands,SLB,2020,0
Somalia,SOM,2010,0
Somalia,SOM,2011,0
Somalia,SOM,2012,0
Somalia,SOM,2013,0
Somalia,SOM,2014,0
Somalia,SOM,2015,0
Somalia,SOM,2016,0
Somalia,SOM,2017,0
Somalia,SOM,2018,0
Somalia,SOM,2019,0
Somalia,SOM,2020,0
South Africa,ZAF,2010,2560000000
South Africa,ZAF,2011,2970000000
South Africa,ZAF,2012,4440000000
South Africa,ZAF,2013,3440000000
South Africa,ZAF,2014,3360000000
South Africa,ZAF,2015,3510000000
South Africa,ZAF,2016,2780000000
South Africa,ZAF,2017,2840000000
South Africa,ZAF,2018,3790000000
South Africa,ZAF,2019,4059999999.9999995
South Africa,ZAF,2020,4179999999.9999995
South Africa,ZAF,2021,3610000000
South Korea,KOR,2010,1910000000
South Korea,KOR,2011,1880000000
South Korea,KOR,2012,1800000000
South Korea,KOR,2013,1960000000
South Korea,KOR,2014,1970000000
South Korea,KOR,2015,1740000000
South Korea,KOR,2016,1390000000
South Korea,KOR,2017,1450000000
South Korea,KOR,2018,1470000000
South Korea,KOR,2019,1400000000
South Korea,KOR,2020,1420000000
South Korea,KOR,2021,1490000000
South Sudan,SSD,2010,0
South Sudan,SSD,2011,0
South Sudan,SSD,2012,0
South Sudan,SSD,2013,0
South Sudan,SSD,2014,0
South Sudan,SSD,2015,50000000
South Sudan,SSD,2016,0
South Sudan,SSD,2017,0
South Sudan,SSD,2018,0
South Sudan,SSD,2019,0
South Sudan,SSD,2020,0
Spain,ESP,2010,4670000000
Spain,ESP,2011,3460000000
Spain,ESP,2012,2950000000
Spain,ESP,2013,2620000000
Spain,ESP,2014,2400000000
Spain,ESP,2015,2140000000.0000002
Spain,ESP,2016,1970000000
Spain,ESP,2017,1880000000
Spain,ESP,2018,2029999999.9999998
Spain,ESP,2019,1810000000
Spain,ESP,2020,1730000000
Spain,ESP,2021,1680000000
Sri Lanka,LKA,2010,470000000
Sri Lanka,LKA,2011,850000000
Sri Lanka,LKA,2012,580000000
Sri Lanka,LKA,2013,270000000
Sri Lanka,LKA,2014,330000000
Sri Lanka,LKA,2015,150000000
Sri Lanka,LKA,2016,70000000
Sri Lanka,LKA,2017,200000000
Sri Lanka,LKA,2018,380000000
Sri Lanka,LKA,2019,410000000
Sri Lanka,LKA,2020,250000000
Sri Lanka,LKA,2021,1080000000
Sub-Saharan Africa (UN),,2010,14790000000
Sub-Saharan Africa (UN),,2011,21680000000
Sub-Saharan Africa (UN),,2012,24440000000
Sub-Saharan Africa (UN),,2013,25000000000
Sub-Saharan Africa (UN),,2014,24090000000
Sub-Saharan Africa (UN),,2015,6090000000
Sub-Saharan Africa (UN),,2016,4490000000
Sub-Saharan Africa (UN),,2017,5890000000
Sub-Saharan Africa (UN),,2018,10620000000
Sub-Saharan Africa (UN),,2019,9690000000
Sub-Saharan Africa (UN),,2020,8270000000
Sub-Saharan Africa (UN),,2021,12750000000
Sudan,SDN,2010,950000000
Sudan,SDN,2011,1350000000
Sudan,SDN,2012,1750000000
Sudan,SDN,2013,1730000000
Sudan,SDN,2014,1000000000
Sudan,SDN,2015,1430000000
Sudan,SDN,2016,860000000
Sudan,SDN,2017,1950000000
Sudan,SDN,2018,5300000000
Sudan,SDN,2019,1820000000
Sudan,SDN,2020,2120000000
Suriname,SUR,2010,0
Suriname,SUR,2011,80000000
Suriname,SUR,2012,80000000
Suriname,SUR,2013,90000000
Suriname,SUR,2014,90000000
Suriname,SUR,2015,240000000
Suriname,SUR,2016,210000000
Suriname,SUR,2017,150000000
Suriname,SUR,2018,180000000
Suriname,SUR,2019,190000000
Suriname,SUR,2020,200000000
Sweden,SWE,2010,3390000000
Sweden,SWE,2011,3210000000
Sweden,SWE,2012,2300000000
Sweden,SWE,2013,1930000000
Sweden,SWE,2014,2049999999.9999998
Sweden,SWE,2015,1440000000
Sweden,SWE,2016,1570000000
Sweden,SWE,2017,1420000000
Sweden,SWE,2018,1570000000
Sweden,SWE,2019,1700000000
Sweden,SWE,2020,2120000000
Sweden,SWE,2021,2680000000
Switzerland,CHE,2010,1930000000
Switzerland,CHE,2011,2460000000
Switzerland,CHE,2012,2370000000
Switzerland,CHE,2013,2320000000
Switzerland,CHE,2014,2470000000
Switzerland,CHE,2015,2460000000
Switzerland,CHE,2016,2490000000
Switzerland,CHE,2017,2430000000
Switzerland,CHE,2018,2530000000
Switzerland,CHE,2019,2570000000
Switzerland,CHE,2020,1540000000
Switzerland,CHE,2021,1660000000
Syria,SYR,2010,2060000000
Syria,SYR,2011,2790000000
Syria,SYR,2012,2950000000
Syria,SYR,2013,1890000000
Syria,SYR,2014,1670000000
Syria,SYR,2015,0
Syria,SYR,2016,0
Syria,SYR,2017,0
Tajikistan,TJK,2010,120000000
Tajikistan,TJK,2011,170000000
Tajikistan,TJK,2012,230000000
Tajikistan,TJK,2013,280000000
Tajikistan,TJK,2014,260000000
Tajikistan,TJK,2015,520000000
Tajikistan,TJK,2016,550000000
Tajikistan,TJK,2017,630000000
Tajikistan,TJK,2018,570000000
Tajikistan,TJK,2019,660000000
Tajikistan,TJK,2020,660000000
Tanzania,TZA,2010,710000000
Tanzania,TZA,2011,800000000
Tanzania,TZA,2012,890000000
Tanzania,TZA,2013,970000000
Tanzania,TZA,2014,1000000000
Tanzania,TZA,2015,0
Tanzania,TZA,2016,0
Tanzania,TZA,2017,0
Tanzania,TZA,2018,0
Tanzania,TZA,2019,0
Tanzania,TZA,2020,0
Thailand,THA,2010,4880000000
Thailand,THA,2011,6360000000
Thailand,THA,2012,7570000000
Thailand,THA,2013,2940000000
Thailand,THA,2014,1950000000
Thailand,THA,2015,880000000
Thailand,THA,2016,500000000
Thailand,THA,2017,840000000
Thailand,THA,2018,1050000000
Thailand,THA,2019,450000000
Thailand,THA,2020,460000000
Thailand,THA,2021,2380000000
Togo,TGO,2010,0
Togo,TGO,2011,0
Togo,TGO,2012,0
Togo,TGO,2013,0
Togo,TGO,2014,0
Togo,TGO,2015,20000000
Togo,TGO,2016,10000000
Togo,TGO,2017,40000000
Togo,TGO,2018,70000000
Togo,TGO,2019,100000000
Togo,TGO,2020,70000000
Tonga,TON,2010,0
Tonga,TON,2011,0
Tonga,TON,2012,0
Tonga,TON,2013,0
Tonga,TON,2014,0
Tonga,TON,2015,0
Tonga,TON,2016,0
Tonga,TON,2017,0
Tonga,TON,2018,0
Tonga,TON,2019,0
Tonga,TON,2020,0
Trinidad and Tobago,TTO,2010,0
Trinidad and Tobago,TTO,2011,0
Trinidad and Tobago,TTO,2012,580000000
Trinidad and Tobago,TTO,2013,1080000000
Trinidad and Tobago,TTO,2014,990000000
Trinidad and Tobago,TTO,2015,820000000
Trinidad and Tobago,TTO,2016,560000000
Trinidad and Tobago,TTO,2017,620000000
Trinidad and Tobago,TTO,2018,710000000
Trinidad and Tobago,TTO,2019,550000000
Trinidad and Tobago,TTO,2020,320000000
Trinidad and Tobago,TTO,2021,920000000
Tunisia,TUN,2010,380000000
Tunisia,TUN,2011,1030000000
Tunisia,TUN,2012,1120000000
Tunisia,TUN,2013,1150000000
Tunisia,TUN,2014,1180000000
Tunisia,TUN,2015,1160000000
Tunisia,TUN,2016,540000000
Tunisia,TUN,2017,1020000000
Tunisia,TUN,2018,1800000000
Tunisia,TUN,2019,850000000
Tunisia,TUN,2020,350000000
Turkey,TUR,2010,1000000000
Turkey,TUR,2011,1080000000
Turkey,TUR,2012,1070000000.0000001
Turkey,TUR,2013,1090000000
Turkey,TUR,2014,4670000000
Turkey,TUR,2015,4400000000
Turkey,TUR,2016,4550000000
Turkey,TUR,2017,5420000000
Turkey,TUR,2018,4730000000
Turkey,TUR,2019,3520000000
Turkey,TUR,2020,2830000000
Turkey,TUR,2021,4070000000.0000005
Turkmenistan,TKM,2010,7160000000
Turkmenistan,TKM,2011,8230000000
Turkmenistan,TKM,2012,8920000000
Turkmenistan,TKM,2013,9300000000
Turkmenistan,TKM,2014,8560000000.000001
Turkmenistan,TKM,2015,5010000000
Turkmenistan,TKM,2016,3580000000
Turkmenistan,TKM,2017,3740000000
Turkmenistan,TKM,2018,4520000000
Turkmenistan,TKM,2019,2960000000
Turkmenistan,TKM,2020,1510000000
Turkmenistan,TKM,2021,6770000000
Uganda,UGA,2010,280000000
Uganda,UGA,2011,310000000
Uganda,UGA,2012,310000000
Uganda,UGA,2013,340000000
Uganda,UGA,2014,390000000
Uganda,UGA,2015,0
Uganda,UGA,2016,0
Uganda,UGA,2017,0
Uganda,UGA,2018,0
Uganda,UGA,2019,0
Uganda,UGA,2020,0
Ukraine,UKR,2010,2049999999.9999998
Ukraine,UKR,2011,2500000000
Ukraine,UKR,2012,4890000000
Ukraine,UKR,2013,3010000000
Ukraine,UKR,2014,2280000000
Ukraine,UKR,2015,1030000000
Ukraine,UKR,2016,1750000000
Ukraine,UKR,2017,2580000000
Ukraine,UKR,2018,2560000000
Ukraine,UKR,2019,1980000000
Ukraine,UKR,2020,2750000000
Ukraine,UKR,2021,1630000000
United Arab Emirates,ARE,2010,19120000000
United Arab Emirates,ARE,2011,20010000000
United Arab Emirates,ARE,2012,24450000000
United Arab Emirates,ARE,2013,23630000000
United Arab Emirates,ARE,2014,17650000000
United Arab Emirates,ARE,2015,11050000000
United Arab Emirates,ARE,2016,8270000000
United Arab Emirates,ARE,2017,7930000000
United Arab Emirates,ARE,2018,8780000000
United Arab Emirates,ARE,2019,6160000000
United Arab Emirates,ARE,2020,4320000000
United Arab Emirates,ARE,2021,17470000000
United Kingdom,GBR,2015,5160000000
United Kingdom,GBR,2016,3300000000
United Kingdom,GBR,2017,2610000000
United Kingdom,GBR,2018,2260000000
United Kingdom,GBR,2019,2870000000
United Kingdom,GBR,2020,2550000000
United States,USA,2010,15100000000
United States,USA,2011,10770000000
United States,USA,2012,11410000000
United States,USA,2013,11200000000
United States,USA,2014,10270000000
United States,USA,2015,8710000000
United States,USA,2016,6630000000
United States,USA,2017,6670000000
United States,USA,2018,9300000000
United States,USA,2019,10470000000
United States,USA,2020,8800000000
United States,USA,2021,9490000000
Uruguay,URY,2010,0
Uruguay,URY,2011,0
Uruguay,URY,2012,0
Uruguay,URY,2013,0
Uruguay,URY,2014,0
Uruguay,URY,2015,0
Uruguay,URY,2016,0
Uruguay,URY,2017,0
Uruguay,URY,2018,0
Uruguay,URY,2019,0
Uruguay,URY,2020,0
Uzbekistan,UZB,2010,13940000000
Uzbekistan,UZB,2011,14270000000
Uzbekistan,UZB,2012,12510000000
Uzbekistan,UZB,2013,11190000000
Uzbekistan,UZB,2014,9320000000
Uzbekistan,UZB,2015,5770000000
Uzbekistan,UZB,2016,4130000000
Uzbekistan,UZB,2017,6410000000
Uzbekistan,UZB,2018,8480000000
Uzbekistan,UZB,2019,5470000000
Uzbekistan,UZB,2020,3750000000
Uzbekistan,UZB,2021,13020000000
Vanuatu,VUT,2010,0
Vanuatu,VUT,2011,0
Vanuatu,VUT,2012,0
Vanuatu,VUT,2013,0
Vanuatu,VUT,2014,0
Vanuatu,VUT,2015,0
Vanuatu,VUT,2016,0
Vanuatu,VUT,2017,0
Vanuatu,VUT,2018,0
Vanuatu,VUT,2019,0
Vanuatu,VUT,2020,0
Venezuela,VEN,2010,21360000000
Venezuela,VEN,2011,27050000000
Venezuela,VEN,2012,31710000000
Venezuela,VEN,2013,35350000000
Venezuela,VEN,2014,28760000000
Venezuela,VEN,2015,18000000000
Venezuela,VEN,2016,13590000000
Venezuela,VEN,2017,15980000000
Venezuela,VEN,2018,17530000000
Venezuela,VEN,2019,12180000000
Venezuela,VEN,2020,5460000000
Venezuela,VEN,2021,21000000000
Vietnam,VNM,2010,2820000000
Vietnam,VNM,2011,3710000000
Vietnam,VNM,2012,4960000000
Vietnam,VNM,2013,1740000000
Vietnam,VNM,2014,1110000000
Vietnam,VNM,2015,80000000
Vietnam,VNM,2016,110000000
Vietnam,VNM,2017,190000000
Vietnam,VNM,2018,580000000
Vietnam,VNM,2019,460000000
Vietnam,VNM,2020,390000000
Vietnam,VNM,2021,4540000000
World,OWID_WRL,2010,621250000000
World,OWID_WRL,2011,767760000000
World,OWID_WRL,2012,844810000000
World,OWID_WRL,2013,831310000000
World,OWID_WRL,2014,739890000000
World,OWID_WRL,2015,526720000000
World,OWID_WRL,2016,465660000000
World,OWID_WRL,2017,518090000000.00006
World,OWID_WRL,2018,656820000000
World,OWID_WRL,2019,557720000000
World,OWID_WRL,2020,374570000000
World,OWID_WRL,2021,731650000000
Yemen,YEM,2010,1940000000
Yemen,YEM,2011,2240000000
Yemen,YEM,2012,1660000000
Yemen,YEM,2013,2049999999.9999998
Yemen,YEM,2014,860000000
Yemen,YEM,2015,420000000
Yemen,YEM,2016,0
Yemen,YEM,2017,0
Yemen,YEM,2018,0
Yemen,YEM,2019,0
Yemen,YEM,2020,0
Zambia,ZMB,2010,1240000000
Zambia,ZMB,2011,1710000000
Zambia,ZMB,2012,2049999999.9999998
Zambia,ZMB,2013,2160000000
Zambia,ZMB,2014,2130000000
Zambia,ZMB,2015,150000000
Zambia,ZMB,2016,110000000
Zambia,ZMB,2017,290000000
Zambia,ZMB,2018,200000000
Zambia,ZMB,2019,200000000
Zambia,ZMB,2020,190000000
Zimbabwe,ZWE,2010,1770000000
Zimbabwe,ZWE,2011,2460000000
Zimbabwe,ZWE,2012,2400000000
Zimbabwe,ZWE,2013,2540000000
Zimbabwe,ZWE,2014,2520000000
Zimbabwe,ZWE,2015,0
Zimbabwe,ZWE,2016,0
Zimbabwe,ZWE,2017,0
Zimbabwe,ZWE,2018,0
Zimbabwe,ZWE,2019,0
Zimbabwe,ZWE,2020,0