Entity,Code,Year,12.c.1 - Fossil-fuel subsidies (consumption and production) as a proportion of total GDP (%) - ER_FFS_CMPT_GDP
Afghanistan,AFG,2010,0.23
Afghanistan,AFG,2011,0.13
Afghanistan,AFG,2012,0.12
Afghanistan,AFG,2013,0.11
Afghanistan,AFG,2014,0.11
Afghanistan,AFG,2015,0
Afghanistan,AFG,2016,0
Afghanistan,AFG,2017,0.05
Afghanistan,AFG,2018,0.49
Afghanistan,AFG,2019,0.72
Afghanistan,AFG,2020,0.3
Africa (UN),,2010,2.74
Africa (UN),,2011,3.75
Africa (UN),,2012,4.06
Africa (UN),,2013,4
Africa (UN),,2014,3.47
Africa (UN),,2015,1.76
Africa (UN),,2016,1.23
Africa (UN),,2017,1.76
Africa (UN),,2018,2.6
Africa (UN),,2019,1.83
Africa (UN),,2020,1.29
Africa (UN),,2021,2.59
Algeria,DZA,2010,9.5
Algeria,DZA,2011,11.72
Algeria,DZA,2012,14.12
Algeria,DZA,2013,14.53
Algeria,DZA,2014,12.92
Algeria,DZA,2015,7.34
Algeria,DZA,2016,3.89
Algeria,DZA,2017,5.27
Algeria,DZA,2018,9.74
Algeria,DZA,2019,7.52
Algeria,DZA,2020,5.18
Algeria,DZA,2021,13.55
Angola,AGO,2010,1.22
Angola,AGO,2011,1.61
Angola,AGO,2012,1.72
Angola,AGO,2013,2.32
Angola,AGO,2014,2.03
Angola,AGO,2015,0.17
Angola,AGO,2016,0.43
Angola,AGO,2017,0.22
Angola,AGO,2018,1.75
Angola,AGO,2019,1.27
Angola,AGO,2020,1.75
Angola,AGO,2021,3.12
Antigua and Barbuda,ATG,2010,0
Antigua and Barbuda,ATG,2011,0.76
Antigua and Barbuda,ATG,2012,0.78
Antigua and Barbuda,ATG,2013,0.77
Antigua and Barbuda,ATG,2014,0.75
Antigua and Barbuda,ATG,2015,0.78
Antigua and Barbuda,ATG,2016,0.68
Antigua and Barbuda,ATG,2017,1.11
Antigua and Barbuda,ATG,2018,2.61
Antigua and Barbuda,ATG,2019,2.19
Antigua and Barbuda,ATG,2020,0.93
Argentina,ARG,2010,0.84
Argentina,ARG,2011,1.24
Argentina,ARG,2012,1.47
Argentina,ARG,2013,1.86
Argentina,ARG,2014,1.93
Argentina,ARG,2015,2
Argentina,ARG,2016,1.9
Argentina,ARG,2017,1.38
Argentina,ARG,2018,0.99
Argentina,ARG,2019,0.78
Argentina,ARG,2020,0.93
Argentina,ARG,2021,1.66
Armenia,ARM,2010,0
Armenia,ARM,2011,0
Armenia,ARM,2012,0
Armenia,ARM,2013,0
Armenia,ARM,2014,0
Armenia,ARM,2015,0
Armenia,ARM,2016,0
Armenia,ARM,2017,0
Armenia,ARM,2018,0
Armenia,ARM,2019,0
Armenia,ARM,2020,0
Armenia,ARM,2021,0.01
Aruba,ABW,2010,0
Aruba,ABW,2011,0
Aruba,ABW,2012,0
Aruba,ABW,2013,0
Aruba,ABW,2014,0
Aruba,ABW,2015,0
Aruba,ABW,2016,0
Aruba,ABW,2017,0
Aruba,ABW,2018,0
Aruba,ABW,2019,0
Aruba,ABW,2020,1.65
Asia (UN),,2010,1.4
Asia (UN),,2011,1.61
Asia (UN),,2012,1.77
Asia (UN),,2013,1.6
Asia (UN),,2014,1.4
Asia (UN),,2015,0.91
Asia (UN),,2016,0.61
Asia (UN),,2017,0.72
Asia (UN),,2018,0.85
Asia (UN),,2019,0.77
Asia (UN),,2020,0.45
Asia (UN),,2021,0.78
Australia,AUS,2010,0.49
Australia,AUS,2011,0.59
Australia,AUS,2012,0.5
Australia,AUS,2013,0.46
Australia,AUS,2014,0.43
Australia,AUS,2015,0.35
Australia,AUS,2016,0.56
Australia,AUS,2017,0.58
Australia,AUS,2018,0.55
Australia,AUS,2019,0.55
Australia,AUS,2020,0.53
Australia,AUS,2021,0.66
Austria,AUT,2010,0.3
Austria,AUT,2011,0.33
Austria,AUT,2012,0.27
Austria,AUT,2013,0.24
Austria,AUT,2014,0.23
Austria,AUT,2015,0.32
Austria,AUT,2016,0.31
Austria,AUT,2017,0.3
Austria,AUT,2018,0.32
Austria,AUT,2019,0.32
Austria,AUT,2020,0.22
Austria,AUT,2021,0.24
Azerbaijan,AZE,2010,0.19
Azerbaijan,AZE,2011,0.99
Azerbaijan,AZE,2012,0.37
Azerbaijan,AZE,2013,0.73
Azerbaijan,AZE,2014,0
Azerbaijan,AZE,2015,0.86
Azerbaijan,AZE,2016,2.36
Azerbaijan,AZE,2017,0
Azerbaijan,AZE,2018,1.72
Azerbaijan,AZE,2019,1.47
Azerbaijan,AZE,2020,0.3
Azerbaijan,AZE,2021,0.29
Bahamas,BHS,2010,0
Bahamas,BHS,2011,0.44
Bahamas,BHS,2012,0.45
Bahamas,BHS,2013,0.46
Bahamas,BHS,2014,0.46
Bahamas,BHS,2015,0.48
Bahamas,BHS,2016,0.86
Bahamas,BHS,2017,0.7
Bahamas,BHS,2018,0.96
Bahamas,BHS,2019,0.97
Bahamas,BHS,2020,0.66
Bahrain,BHR,2010,7.35
Bahrain,BHR,2011,8.57
Bahrain,BHR,2012,9.44
Bahrain,BHR,2013,8.71
Bahrain,BHR,2014,7.72
Bahrain,BHR,2015,5.39
Bahrain,BHR,2016,3.44
Bahrain,BHR,2017,3.99
Bahrain,BHR,2018,1.32
Bahrain,BHR,2019,2.51
Bahrain,BHR,2020,1.04
Bahrain,BHR,2021,6.93
Bangladesh,BGD,2010,3.15
Bangladesh,BGD,2011,3.58
Bangladesh,BGD,2012,4.25
Bangladesh,BGD,2013,2.42
Bangladesh,BGD,2014,1.54
Bangladesh,BGD,2015,0.88
Bangladesh,BGD,2016,0.45
Bangladesh,BGD,2017,0.58
Bangladesh,BGD,2018,1.12
Bangladesh,BGD,2019,0.62
Bangladesh,BGD,2020,0.45
Bangladesh,BGD,2021,2.21
Barbados,BRB,2010,0
Barbados,BRB,2011,0.2
Barbados,BRB,2012,0.2
Barbados,BRB,2013,0.2
Barbados,BRB,2014,0.2
Barbados,BRB,2015,0.18
Barbados,BRB,2016,0.42
Barbados,BRB,2017,0
Barbados,BRB,2018,0
Barbados,BRB,2019,0
Barbados,BRB,2020,0
Belarus,BLR,2010,1.12
Belarus,BLR,2011,0.28
Belarus,BLR,2012,0.34
Belarus,BLR,2013,0.52
Belarus,BLR,2014,0.54
Belarus,BLR,2015,0.03
Belarus,BLR,2016,0.13
Belarus,BLR,2017,0.19
Belarus,BLR,2018,0.14
Belarus,BLR,2019,0.14
Belarus,BLR,2020,0.12
Belarus,BLR,2021,0.19
Belgium,BEL,2010,0.66
Belgium,BEL,2011,0.65
Belgium,BEL,2012,0.61
Belgium,BEL,2013,0.68
Belgium,BEL,2014,0.57
Belgium,BEL,2015,0.53
Belgium,BEL,2016,0.55
Belgium,BEL,2017,0.62
Belgium,BEL,2018,0.69
Belgium,BEL,2019,0.72
Belgium,BEL,2020,0.84
Belgium,BEL,2021,0.75
Belize,BLZ,2010,0
Belize,BLZ,2011,2.12
Belize,BLZ,2012,2.16
Belize,BLZ,2013,2.12
Belize,BLZ,2014,2.22
Belize,BLZ,2015,0
Belize,BLZ,2016,0
Belize,BLZ,2017,0
Belize,BLZ,2018,0
Belize,BLZ,2019,0
Belize,BLZ,2020,0
Benin,BEN,2010,1.36
Benin,BEN,2011,1.64
Benin,BEN,2012,0
Benin,BEN,2013,0
Benin,BEN,2014,0
Benin,BEN,2015,0.95
Benin,BEN,2016,0.82
Benin,BEN,2017,0.9
Benin,BEN,2018,1.17
Benin,BEN,2019,1.28
Benin,BEN,2020,0.9
Bhutan,BTN,2010,0
Bhutan,BTN,2011,0
Bhutan,BTN,2012,0
Bhutan,BTN,2013,0
Bhutan,BTN,2014,0
Bhutan,BTN,2015,2.9
Bhutan,BTN,2016,0.58
Bhutan,BTN,2017,0
Bhutan,BTN,2018,0
Bhutan,BTN,2019,0
Bhutan,BTN,2020,0.03
Bolivia,BOL,2010,0
Bolivia,BOL,2011,0
Bolivia,BOL,2012,5.44
Bolivia,BOL,2013,7.16
Bolivia,BOL,2014,6.48
Bolivia,BOL,2015,1.98
Bolivia,BOL,2016,1.11
Bolivia,BOL,2017,1.67
Bolivia,BOL,2018,3.1
Bolivia,BOL,2019,2.12
Bolivia,BOL,2020,0.88
Bolivia,BOL,2021,3.38
Bosnia and Herzegovina,BIH,2010,0
Bosnia and Herzegovina,BIH,2011,0
Bosnia and Herzegovina,BIH,2012,0
Bosnia and Herzegovina,BIH,2013,0
Bosnia and Herzegovina,BIH,2014,0
Bosnia and Herzegovina,BIH,2015,0.04
Bosnia and Herzegovina,BIH,2016,0.05
Bosnia and Herzegovina,BIH,2017,0.07
Bosnia and Herzegovina,BIH,2018,0.08
Bosnia and Herzegovina,BIH,2019,0.22
Bosnia and Herzegovina,BIH,2020,0.09
Botswana,BWA,2010,0.56
Botswana,BWA,2011,0.72
Botswana,BWA,2012,0.75
Botswana,BWA,2013,0.68
Botswana,BWA,2014,1.01
Botswana,BWA,2015,0
Botswana,BWA,2016,0
Botswana,BWA,2017,0
Botswana,BWA,2018,0
Botswana,BWA,2019,0
Botswana,BWA,2020,0
Brazil,BRA,2010,1.65
Brazil,BRA,2011,1.94
Brazil,BRA,2012,2.01
Brazil,BRA,2013,1.87
Brazil,BRA,2014,1.62
Brazil,BRA,2015,0.98
Brazil,BRA,2016,0.82
Brazil,BRA,2017,0.61
Brazil,BRA,2018,0.59
Brazil,BRA,2019,0.5
Brazil,BRA,2020,0.38
Brazil,BRA,2021,0.39
Brunei,BRN,2010,2.71
Brunei,BRN,2011,3.85
Brunei,BRN,2012,4.07
Brunei,BRN,2013,3.28
Brunei,BRN,2014,2.82
Brunei,BRN,2015,1.34
Brunei,BRN,2016,0.68
Brunei,BRN,2017,1.22
Brunei,BRN,2018,1.86
Brunei,BRN,2019,1.13
Brunei,BRN,2020,0.4
Brunei,BRN,2021,2.21
Bulgaria,BGR,2010,0
Bulgaria,BGR,2011,0
Bulgaria,BGR,2012,0
Bulgaria,BGR,2013,0
Bulgaria,BGR,2014,0
Bulgaria,BGR,2015,3.6
Bulgaria,BGR,2016,2.27
Bulgaria,BGR,2017,4.68
Bulgaria,BGR,2018,5.31
Bulgaria,BGR,2019,4.44
Bulgaria,BGR,2020,4.47
Burkina Faso,BFA,2010,0.84
Burkina Faso,BFA,2011,1.09
Burkina Faso,BFA,2012,1.2
Burkina Faso,BFA,2013,1.33
Burkina Faso,BFA,2014,1.52
Burkina Faso,BFA,2015,0.03
Burkina Faso,BFA,2016,0.01
Burkina Faso,BFA,2017,0.04
Burkina Faso,BFA,2018,0.12
Burkina Faso,BFA,2019,0.15
Burkina Faso,BFA,2020,0.1
Burundi,BDI,2010,0
Burundi,BDI,2011,0
Burundi,BDI,2012,0
Burundi,BDI,2013,0
Burundi,BDI,2014,0
Burundi,BDI,2015,0.51
Burundi,BDI,2016,0.58
Burundi,BDI,2017,0.51
Burundi,BDI,2018,0.61
Burundi,BDI,2019,0.13
Burundi,BDI,2020,0
Cambodia,KHM,2010,0
Cambodia,KHM,2011,0
Cambodia,KHM,2012,0
Cambodia,KHM,2013,0
Cambodia,KHM,2014,0
Cambodia,KHM,2015,0
Cambodia,KHM,2016,0
Cambodia,KHM,2017,0
Cambodia,KHM,2018,0
Cambodia,KHM,2019,0.16
Cambodia,KHM,2020,0.11
Cameroon,CMR,2010,2.29
Cameroon,CMR,2011,2.89
Cameroon,CMR,2012,2.91
Cameroon,CMR,2013,2.88
Cameroon,CMR,2014,2.84
Cameroon,CMR,2015,0.13
Cameroon,CMR,2016,0.06
Cameroon,CMR,2017,0.08
Cameroon,CMR,2018,0.18
Cameroon,CMR,2019,0.2
Cameroon,CMR,2020,0.17
Canada,CAN,2010,0.33
Canada,CAN,2011,0.2
Canada,CAN,2012,0.22
Canada,CAN,2013,0.21
Canada,CAN,2014,0.21
Canada,CAN,2015,0.14
Canada,CAN,2016,0.15
Canada,CAN,2017,0.15
Canada,CAN,2018,0.13
Canada,CAN,2019,0.13
Canada,CAN,2020,0.24
Canada,CAN,2021,0.19
Cape Verde,CPV,2010,2.37
Cape Verde,CPV,2011,2.86
Cape Verde,CPV,2012,2.92
Cape Verde,CPV,2013,3.35
Cape Verde,CPV,2014,3.86
Cape Verde,CPV,2015,0
Cape Verde,CPV,2016,0
Cape Verde,CPV,2017,0
Cape Verde,CPV,2018,0
Cape Verde,CPV,2019,0
Cape Verde,CPV,2020,0
Central African Republic,CAF,2010,0
Central African Republic,CAF,2011,0
Central African Republic,CAF,2012,0
Central African Republic,CAF,2013,0
Central African Republic,CAF,2014,0
Central African Republic,CAF,2015,0
Central African Republic,CAF,2016,0.01
Central African Republic,CAF,2017,0.04
Central African Republic,CAF,2018,0.01
Central African Republic,CAF,2019,0.01
Central African Republic,CAF,2020,0.25
Central and Southern Asia (UN),,2010,4.85
Central and Southern Asia (UN),,2011,4.88
Central and Southern Asia (UN),,2012,5.13
Central and Southern Asia (UN),,2013,4.74
Central and Southern Asia (UN),,2014,3.88
Central and Southern Asia (UN),,2015,2.27
Central and Southern Asia (UN),,2016,1.43
Central and Southern Asia (UN),,2017,1.99
Central and Southern Asia (UN),,2018,2.67
Central and Southern Asia (UN),,2019,2.75
Central and Southern Asia (UN),,2020,1.25
Central and Southern Asia (UN),,2021,2.47
Chad,TCD,2010,0
Chad,TCD,2011,0
Chad,TCD,2012,0
Chad,TCD,2013,0
Chad,TCD,2014,0
Chad,TCD,2015,0.07
Chad,TCD,2016,0
Chad,TCD,2017,0.11
Chad,TCD,2018,0.26
Chad,TCD,2019,0.32
Chad,TCD,2020,0.25
Chile,CHL,2010,0.89
Chile,CHL,2011,0.29
Chile,CHL,2012,0.28
Chile,CHL,2013,0.29
Chile,CHL,2014,0.41
Chile,CHL,2015,0.58
Chile,CHL,2016,0.67
Chile,CHL,2017,0.74
Chile,CHL,2018,0.59
Chile,CHL,2019,0.63
Chile,CHL,2020,0.58
Chile,CHL,2021,0.7
China,CHN,2010,0.25
China,CHN,2011,0.27
China,CHN,2012,0.44
China,CHN,2013,0.42
China,CHN,2014,0.45
China,CHN,2015,0.42
China,CHN,2016,0.24
China,CHN,2017,0.23
China,CHN,2018,0.22
China,CHN,2019,0.19
China,CHN,2020,0.16
China,CHN,2021,0.16
Colombia,COL,2010,1.1
Colombia,COL,2011,0.89
Colombia,COL,2012,0.75
Colombia,COL,2013,0.73
Colombia,COL,2014,0.73
Colombia,COL,2015,0.44
Colombia,COL,2016,0.42
Colombia,COL,2017,0.57
Colombia,COL,2018,0.79
Colombia,COL,2019,0.55
Colombia,COL,2020,0.35
Colombia,COL,2021,1.24
Comoros,COM,2010,0
Comoros,COM,2011,0.06
Comoros,COM,2012,0.07
Comoros,COM,2013,0.05
Comoros,COM,2014,0
Comoros,COM,2015,0
Comoros,COM,2016,0
Comoros,COM,2017,0
Comoros,COM,2018,0.05
Comoros,COM,2019,0.05
Comoros,COM,2020,0
Congo,COG,2010,3.9
Congo,COG,2011,5.59
Congo,COG,2012,6.66
Congo,COG,2013,6.76
Congo,COG,2014,6.27
Congo,COG,2015,0.07
Congo,COG,2016,0
Congo,COG,2017,0
Congo,COG,2018,0.04
Congo,COG,2019,0.04
Congo,COG,2020,0
Costa Rica,CRI,2010,0.12
Costa Rica,CRI,2011,0.13
Costa Rica,CRI,2012,0.12
Costa Rica,CRI,2013,0.12
Costa Rica,CRI,2014,0.12
Costa Rica,CRI,2015,0.12
Costa Rica,CRI,2016,0.18
Costa Rica,CRI,2017,0.17
Costa Rica,CRI,2018,0.16
Costa Rica,CRI,2019,0.16
Costa Rica,CRI,2020,0.12
Costa Rica,CRI,2021,0.13
Cote d'Ivoire,CIV,2010,2.7
Cote d'Ivoire,CIV,2011,2.89
Cote d'Ivoire,CIV,2012,3.05
Cote d'Ivoire,CIV,2013,2.74
Cote d'Ivoire,CIV,2014,2.72
Cote d'Ivoire,CIV,2015,0.13
Cote d'Ivoire,CIV,2016,0
Cote d'Ivoire,CIV,2017,0
Cote d'Ivoire,CIV,2018,0
Cote d'Ivoire,CIV,2019,0
Cote d'Ivoire,CIV,2020,0
Croatia,HRV,2010,0
Croatia,HRV,2011,0
Croatia,HRV,2012,0
Croatia,HRV,2013,0
Croatia,HRV,2014,0
Croatia,HRV,2015,0.18
Croatia,HRV,2016,0.71
Croatia,HRV,2017,0.82
Croatia,HRV,2018,0.82
Croatia,HRV,2019,0.73
Croatia,HRV,2020,0.66
Cyprus,CYP,2010,0
Cyprus,CYP,2011,0
Cyprus,CYP,2012,0
Cyprus,CYP,2013,0
Cyprus,CYP,2014,0
Cyprus,CYP,2015,0.14
Cyprus,CYP,2016,0.71
Cyprus,CYP,2017,0.3
Cyprus,CYP,2018,0
Cyprus,CYP,2019,0
Cyprus,CYP,2020,0.27
Czechia,CZE,2010,0.22
Czechia,CZE,2011,0.23
Czechia,CZE,2012,0.21
Czechia,CZE,2013,0.19
Czechia,CZE,2014,0.16
Czechia,CZE,2015,0.13
Czechia,CZE,2016,0.12
Czechia,CZE,2017,0.13
Czechia,CZE,2018,0.13
Czechia,CZE,2019,0.17
Czechia,CZE,2020,0.18
Czechia,CZE,2021,0.19
Democratic Republic of Congo,COD,2010,1.41
Democratic Republic of Congo,COD,2011,1.83
Democratic Republic of Congo,COD,2012,1.87
Democratic Republic of Congo,COD,2013,1.7
Democratic Republic of Congo,COD,2014,1.69
Democratic Republic of Congo,COD,2015,0
Democratic Republic of Congo,COD,2016,0
Democratic Republic of Congo,COD,2017,0
Democratic Republic of Congo,COD,2018,0
Democratic Republic of Congo,COD,2019,0
Democratic Republic of Congo,COD,2020,0
Denmark,DNK,2010,0.46
Denmark,DNK,2011,0.5
Denmark,DNK,2012,0.4
Denmark,DNK,2013,0.41
Denmark,DNK,2014,0.4
Denmark,DNK,2015,0.29
Denmark,DNK,2016,0.28
Denmark,DNK,2017,0.36
Denmark,DNK,2018,0.4
Denmark,DNK,2019,0.39
Denmark,DNK,2020,0.44
Denmark,DNK,2021,0.44
Djibouti,DJI,2010,0.37
Djibouti,DJI,2011,0.34
Djibouti,DJI,2012,0.31
Djibouti,DJI,2013,0.28
Djibouti,DJI,2014,0.26
Djibouti,DJI,2015,3.08
Djibouti,DJI,2016,3.02
Djibouti,DJI,2017,2.58
Djibouti,DJI,2018,2.57
Djibouti,DJI,2019,2.65
Djibouti,DJI,2020,1.77
Dominica,DMA,2010,0
Dominica,DMA,2011,0.09
Dominica,DMA,2012,0.09
Dominica,DMA,2013,0.1
Dominica,DMA,2014,0.09
Dominica,DMA,2015,0
Dominica,DMA,2016,0
Dominica,DMA,2017,0
Dominica,DMA,2018,0
Dominica,DMA,2019,0
Dominica,DMA,2020,0
Dominican Republic,DOM,2010,0
Dominican Republic,DOM,2011,1.91
Dominican Republic,DOM,2012,1.95
Dominican Republic,DOM,2013,1.92
Dominican Republic,DOM,2014,1.7
Dominican Republic,DOM,2015,0.03
Dominican Republic,DOM,2016,0
Dominican Republic,DOM,2017,0
Dominican Republic,DOM,2018,0
Dominican Republic,DOM,2019,0.01
Dominican Republic,DOM,2020,0
East Timor,TLS,2010,0
East Timor,TLS,2011,0
East Timor,TLS,2012,0
East Timor,TLS,2013,0
East Timor,TLS,2014,0
East Timor,TLS,2015,2.06
East Timor,TLS,2016,0.74
East Timor,TLS,2017,2.28
East Timor,TLS,2018,4.62
East Timor,TLS,2019,4.71
East Timor,TLS,2020,2.81
Eastern and South-Eastern Asia (UN),,2010,0.32
Eastern and South-Eastern Asia (UN),,2011,0.46
Eastern and South-Eastern Asia (UN),,2012,0.58
Eastern and South-Eastern Asia (UN),,2013,0.5
Eastern and South-Eastern Asia (UN),,2014,0.48
Eastern and South-Eastern Asia (UN),,2015,0.35
Eastern and South-Eastern Asia (UN),,2016,0.24
Eastern and South-Eastern Asia (UN),,2017,0.25
Eastern and South-Eastern Asia (UN),,2018,0.28
Eastern and South-Eastern Asia (UN),,2019,0.25
Eastern and South-Eastern Asia (UN),,2020,0.21
Eastern and South-Eastern Asia (UN),,2021,0.22
Ecuador,ECU,2010,3.79
Ecuador,ECU,2011,5.8
Ecuador,ECU,2012,6.36
Ecuador,ECU,2013,6.27
Ecuador,ECU,2014,5.59
Ecuador,ECU,2015,2.56
Ecuador,ECU,2016,1.57
Ecuador,ECU,2017,2.48
Ecuador,ECU,2018,3.46
Ecuador,ECU,2019,2.84
Ecuador,ECU,2020,0.76
Ecuador,ECU,2021,1.55
Egypt,EGY,2010,6.57
Egypt,EGY,2011,9.49
Egypt,EGY,2012,9.95
Egypt,EGY,2013,9.93
Egypt,EGY,2014,8.06
Egypt,EGY,2015,5.32
Egypt,EGY,2016,4.13
Egypt,EGY,2017,6.24
Egypt,EGY,2018,7.27
Egypt,EGY,2019,4.56
Egypt,EGY,2020,2.44
Egypt,EGY,2021,6.25
El Salvador,SLV,2010,0.12
El Salvador,SLV,2011,0
El Salvador,SLV,2012,0
El Salvador,SLV,2013,0
El Salvador,SLV,2014,0
El Salvador,SLV,2015,0
El Salvador,SLV,2016,0
El Salvador,SLV,2017,0
El Salvador,SLV,2018,0
El Salvador,SLV,2019,0
El Salvador,SLV,2020,0
El Salvador,SLV,2021,0
Equatorial Guinea,GNQ,2010,0.02
Equatorial Guinea,GNQ,2011,0.05
Equatorial Guinea,GNQ,2012,0.06
Equatorial Guinea,GNQ,2013,0.04
Equatorial Guinea,GNQ,2014,0.04
Equatorial Guinea,GNQ,2015,0.02
Equatorial Guinea,GNQ,2016,0.03
Equatorial Guinea,GNQ,2017,0.16
Equatorial Guinea,GNQ,2018,0.59
Equatorial Guinea,GNQ,2019,0.6
Equatorial Guinea,GNQ,2020,0.04
Eritrea,ERI,2010,0
Eritrea,ERI,2011,0
Eritrea,ERI,2012,0
Eritrea,ERI,2013,0
Eritrea,ERI,2014,0
Eritrea,ERI,2015,0
Eritrea,ERI,2016,0
Eritrea,ERI,2017,0
Eritrea,ERI,2018,0
Eritrea,ERI,2019,0
Eritrea,ERI,2020,0
Estonia,EST,2010,0.64
Estonia,EST,2011,0.63
Estonia,EST,2012,0.47
Estonia,EST,2013,0.4
Estonia,EST,2014,0.36
Estonia,EST,2015,0.25
Estonia,EST,2016,0.17
Estonia,EST,2017,0.19
Estonia,EST,2018,0.19
Estonia,EST,2019,0.19
Estonia,EST,2020,0.15
Estonia,EST,2021,0.15
Eswatini,SWZ,2010,0
Eswatini,SWZ,2011,0
Eswatini,SWZ,2012,0
Eswatini,SWZ,2013,0
Eswatini,SWZ,2014,0
Eswatini,SWZ,2015,0
Eswatini,SWZ,2016,0
Eswatini,SWZ,2017,0
Eswatini,SWZ,2018,0
Eswatini,SWZ,2019,0
Eswatini,SWZ,2020,0
Ethiopia,ETH,2010,0.97
Ethiopia,ETH,2011,1.06
Ethiopia,ETH,2012,1.29
Ethiopia,ETH,2013,1.44
Ethiopia,ETH,2014,1.13
Ethiopia,ETH,2015,0.79
Ethiopia,ETH,2016,0.76
Ethiopia,ETH,2017,1.09
Ethiopia,ETH,2018,1.49
Ethiopia,ETH,2019,1.08
Ethiopia,ETH,2020,0.62
Europe (UN),,2010,0.39
Europe (UN),,2011,0.41
Europe (UN),,2012,0.43
Europe (UN),,2013,0.51
Europe (UN),,2014,0.48
Europe (UN),,2015,0.42
Europe (UN),,2016,0.39
Europe (UN),,2017,0.43
Europe (UN),,2018,0.49
Europe (UN),,2019,0.49
Europe (UN),,2020,0.42
Europe (UN),,2021,0.49
Europe and Northern America (UN),,2010,0.25
Europe and Northern America (UN),,2011,0.24
Europe and Northern America (UN),,2012,0.25
Europe and Northern America (UN),,2013,0.29
Europe and Northern America (UN),,2014,0.27
Europe and Northern America (UN),,2015,0.24
Europe and Northern America (UN),,2016,0.21
Europe and Northern America (UN),,2017,0.23
Europe and Northern America (UN),,2018,0.27
Europe and Northern America (UN),,2019,0.27
Europe and Northern America (UN),,2020,0.24
Europe and Northern America (UN),,2021,0.26
Fiji,FJI,2010,0
Fiji,FJI,2011,0
Fiji,FJI,2012,0
Fiji,FJI,2013,0
Fiji,FJI,2014,0
Fiji,FJI,2015,0
Fiji,FJI,2016,0.58
Fiji,FJI,2017,0.74
Fiji,FJI,2018,0.94
Fiji,FJI,2019,0.67
Fiji,FJI,2020,0.07
Finland,FIN,2010,0.44
Finland,FIN,2011,0.44
Finland,FIN,2012,0.45
Finland,FIN,2013,0.53
Finland,FIN,2014,0.73
Finland,FIN,2015,0.58
Finland,FIN,2016,0.6
Finland,FIN,2017,0.6
Finland,FIN,2018,0.65
Finland,FIN,2019,0.58
Finland,FIN,2020,0.62
Finland,FIN,2021,0.59
France,FRA,2010,0.16
France,FRA,2011,0.25
France,FRA,2012,0.26
France,FRA,2013,0.26
France,FRA,2014,0.25
France,FRA,2015,0.23
France,FRA,2016,0.26
France,FRA,2017,0.29
France,FRA,2018,0.4
France,FRA,2019,0.39
France,FRA,2020,0.38
France,FRA,2021,0.39
Gabon,GAB,2010,0
Gabon,GAB,2011,0
Gabon,GAB,2012,0.48
Gabon,GAB,2013,0.78
Gabon,GAB,2014,1.05
Gabon,GAB,2015,0.96
Gabon,GAB,2016,0.86
Gabon,GAB,2017,0.34
Gabon,GAB,2018,0.33
Gabon,GAB,2019,0.27
Gabon,GAB,2020,0.38
Gabon,GAB,2021,0.32
Gambia,GMB,2010,0
Gambia,GMB,2011,0
Gambia,GMB,2012,0
Gambia,GMB,2013,0
Gambia,GMB,2014,0
Gambia,GMB,2015,0
Gambia,GMB,2016,0
Gambia,GMB,2017,0
Gambia,GMB,2018,0
Gambia,GMB,2019,0
Gambia,GMB,2020,0
Georgia,GEO,2010,0.06
Georgia,GEO,2011,0.05
Georgia,GEO,2012,0.06
Georgia,GEO,2013,0.08
Georgia,GEO,2014,0.08
Georgia,GEO,2015,0.07
Georgia,GEO,2016,0.05
Georgia,GEO,2017,0.05
Georgia,GEO,2018,0.05
Georgia,GEO,2019,0.05
Georgia,GEO,2020,0.34
Georgia,GEO,2021,0.11
Germany,DEU,2010,0.44
Germany,DEU,2011,0.4
Germany,DEU,2012,0.37
Germany,DEU,2013,0.35
Germany,DEU,2014,0.36
Germany,DEU,2015,0.29
Germany,DEU,2016,0.3
Germany,DEU,2017,0.27
Germany,DEU,2018,0.28
Germany,DEU,2019,0.24
Germany,DEU,2020,0.28
Germany,DEU,2021,0.22
Ghana,GHA,2010,0.7
Ghana,GHA,2011,0.39
Ghana,GHA,2012,0.41
Ghana,GHA,2013,0.17
Ghana,GHA,2014,0.08
Ghana,GHA,2015,0.08
Ghana,GHA,2016,0.05
Ghana,GHA,2017,0.15
Ghana,GHA,2018,0.21
Ghana,GHA,2019,0.02
Ghana,GHA,2020,0.15
Ghana,GHA,2021,0.81
Greece,GRC,2010,1.29
Greece,GRC,2011,1.44
Greece,GRC,2012,1.92
Greece,GRC,2013,2.08
Greece,GRC,2014,1.64
Greece,GRC,2015,1.22
Greece,GRC,2016,1.06
Greece,GRC,2017,1.21
Greece,GRC,2018,1.17
Greece,GRC,2019,1.05
Greece,GRC,2020,1.04
Greece,GRC,2021,1.06
Grenada,GRD,2010,0
Grenada,GRD,2011,0.45
Grenada,GRD,2012,0.47
Grenada,GRD,2013,0.48
Grenada,GRD,2014,0.46
Grenada,GRD,2015,0
Grenada,GRD,2016,0
Grenada,GRD,2017,0
Grenada,GRD,2018,0
Grenada,GRD,2019,0
Grenada,GRD,2020,0
Guatemala,GTM,2010,0
Guatemala,GTM,2011,0.36
Guatemala,GTM,2012,0.37
Guatemala,GTM,2013,1.46
Guatemala,GTM,2014,1.44
Guatemala,GTM,2015,0.06
Guatemala,GTM,2016,0.06
Guatemala,GTM,2017,0.24
Guatemala,GTM,2018,0.3
Guatemala,GTM,2019,0.13
Guatemala,GTM,2020,0
Guinea,GIN,2010,0
Guinea,GIN,2011,0
Guinea,GIN,2012,0
Guinea,GIN,2013,0
Guinea,GIN,2014,0
Guinea,GIN,2015,0
Guinea,GIN,2016,0
Guinea,GIN,2017,0
Guinea,GIN,2018,0.01
Guinea,GIN,2019,0.01
Guinea,GIN,2020,0
Guinea-Bissau,GNB,2010,0
Guinea-Bissau,GNB,2011,0
Guinea-Bissau,GNB,2012,0
Guinea-Bissau,GNB,2013,0
Guinea-Bissau,GNB,2014,0
Guinea-Bissau,GNB,2015,0
Guinea-Bissau,GNB,2016,0
Guinea-Bissau,GNB,2017,0
Guinea-Bissau,GNB,2018,0.07
Guinea-Bissau,GNB,2019,0.14
Guinea-Bissau,GNB,2020,0.03
Guyana,GUY,2010,0
Guyana,GUY,2011,1.09
Guyana,GUY,2012,1.38
Guyana,GUY,2013,0.93
Guyana,GUY,2014,0.93
Guyana,GUY,2015,0
Guyana,GUY,2016,0
Guyana,GUY,2017,0
Guyana,GUY,2018,0
Guyana,GUY,2019,0
Guyana,GUY,2020,0
Haiti,HTI,2010,0.01
Haiti,HTI,2011,1.55
Haiti,HTI,2012,1.62
Haiti,HTI,2013,1.69
Haiti,HTI,2014,1.47
Haiti,HTI,2015,0
Haiti,HTI,2016,0
Haiti,HTI,2017,0
Haiti,HTI,2018,0.46
Haiti,HTI,2019,1.38
Haiti,HTI,2020,0.22
Honduras,HND,2010,0
Honduras,HND,2011,0.89
Honduras,HND,2012,0.89
Honduras,HND,2013,0.86
Honduras,HND,2014,0.84
Honduras,HND,2015,0.31
Honduras,HND,2016,0.68
Honduras,HND,2017,0.72
Honduras,HND,2018,0.3
Honduras,HND,2019,0.29
Honduras,HND,2020,0.23
Hong Kong,HKG,2010,0
Hong Kong,HKG,2011,0
Hong Kong,HKG,2012,0
Hong Kong,HKG,2013,0
Hong Kong,HKG,2014,0
Hong Kong,HKG,2015,0.01
Hong Kong,HKG,2016,0
Hong Kong,HKG,2017,0.19
Hong Kong,HKG,2018,0.44
Hong Kong,HKG,2019,0.56
Hong Kong,HKG,2020,0.23
Hungary,HUN,2010,0.4
Hungary,HUN,2011,0.42
Hungary,HUN,2012,0.35
Hungary,HUN,2013,0.35
Hungary,HUN,2014,0.33
Hungary,HUN,2015,0.34
Hungary,HUN,2016,0.23
Hungary,HUN,2017,0.25
Hungary,HUN,2018,0.26
Hungary,HUN,2019,0.2
Hungary,HUN,2020,0.25
Hungary,HUN,2021,0.16
Iceland,ISL,2010,0
Iceland,ISL,2011,0
Iceland,ISL,2012,0
Iceland,ISL,2013,0
Iceland,ISL,2014,0
Iceland,ISL,2015,0
Iceland,ISL,2016,0
Iceland,ISL,2017,0
Iceland,ISL,2018,0
Iceland,ISL,2019,0
Iceland,ISL,2020,0
Iceland,ISL,2021,0
India,IND,2010,0.53
India,IND,2011,0.84
India,IND,2012,0.84
India,IND,2013,1.12
India,IND,2014,0.66
India,IND,2015,0.59
India,IND,2016,0.44
India,IND,2017,0.45
India,IND,2018,0.5
India,IND,2019,0.36
India,IND,2020,0.24
India,IND,2021,0.15
Indonesia,IDN,2010,2.29
Indonesia,IDN,2011,4.4
Indonesia,IDN,2012,4.56
Indonesia,IDN,2013,3.91
Indonesia,IDN,2014,3.61
Indonesia,IDN,2015,1.2
Indonesia,IDN,2016,1.25
Indonesia,IDN,2017,1.07
Indonesia,IDN,2018,1.53
Indonesia,IDN,2019,1.45
Indonesia,IDN,2020,1.22
Indonesia,IDN,2021,1.4
Iran,IRN,2010,20.18
Iran,IRN,2011,17.61
Iran,IRN,2012,21.57
Iran,IRN,2013,21.5
Iran,IRN,2014,19.22
Iran,IRN,2015,11.36
Iran,IRN,2016,6.25
Iran,IRN,2017,10.1
Iran,IRN,2018,14.99
Iran,IRN,2019,20.27
Iran,IRN,2020,7.59
Iran,IRN,2021,12.32
Iraq,IRQ,2010,8.94
Iraq,IRQ,2011,11.7
Iraq,IRQ,2012,11.47
Iraq,IRQ,2013,9.19
Iraq,IRQ,2014,6.44
Iraq,IRQ,2015,2.99
Iraq,IRQ,2016,2.1
Iraq,IRQ,2017,3.49
Iraq,IRQ,2018,5.22
Iraq,IRQ,2019,4.18
Iraq,IRQ,2020,2.66
Iraq,IRQ,2021,5.93
Ireland,IRL,2015,0.01
Ireland,IRL,2016,0.01
Ireland,IRL,2017,0.01
Ireland,IRL,2018,0.01
Ireland,IRL,2019,0.01
Ireland,IRL,2020,0.01
Israel,ISR,2010,0.23
Israel,ISR,2011,0.26
Israel,ISR,2012,0.31
Israel,ISR,2013,0.34
Israel,ISR,2014,0.33
Israel,ISR,2015,0.31
Israel,ISR,2016,0.32
Israel,ISR,2017,0.34
Israel,ISR,2018,0.34
Israel,ISR,2019,0.33
Israel,ISR,2020,0.32
Israel,ISR,2021,0.32
Italy,ITA,2010,0.4
Italy,ITA,2011,0.52
Italy,ITA,2012,0.64
Italy,ITA,2013,0.71
Italy,ITA,2014,0.73
Italy,ITA,2015,0.63
Italy,ITA,2016,0.6
Italy,ITA,2017,0.51
Italy,ITA,2018,0.58
Italy,ITA,2019,0.59
Italy,ITA,2020,0.59
Italy,ITA,2021,0.67
Jamaica,JAM,2010,0
Jamaica,JAM,2011,0.1
Jamaica,JAM,2012,0.11
Jamaica,JAM,2013,0.1
Jamaica,JAM,2014,0.1
Jamaica,JAM,2015,0
Jamaica,JAM,2016,0
Jamaica,JAM,2017,0
Jamaica,JAM,2018,0
Jamaica,JAM,2019,0
Jamaica,JAM,2020,0
Japan,JPN,2010,0.05
Japan,JPN,2011,0.07
Japan,JPN,2012,0.08
Japan,JPN,2013,0.09
Japan,JPN,2014,0.07
Japan,JPN,2015,0.06
Japan,JPN,2016,0.07
Japan,JPN,2017,0.06
Japan,JPN,2018,0.05
Japan,JPN,2019,0.05
Japan,JPN,2020,0.05
Japan,JPN,2021,0.07
Jordan,JOR,2010,1.21
Jordan,JOR,2011,5.66
Jordan,JOR,2012,5.9
Jordan,JOR,2013,3.56
Jordan,JOR,2014,3.28
Jordan,JOR,2015,0.81
Jordan,JOR,2016,0
Jordan,JOR,2017,0
Jordan,JOR,2018,0.37
Jordan,JOR,2019,0.37
Jordan,JOR,2020,0.31
Kazakhstan,KAZ,2010,4.29
Kazakhstan,KAZ,2011,5.56
Kazakhstan,KAZ,2012,4.65
Kazakhstan,KAZ,2013,3.35
Kazakhstan,KAZ,2014,3.04
Kazakhstan,KAZ,2015,1.63
Kazakhstan,KAZ,2016,2.13
Kazakhstan,KAZ,2017,2.59
Kazakhstan,KAZ,2018,3.72
Kazakhstan,KAZ,2019,2.54
Kazakhstan,KAZ,2020,1.73
Kazakhstan,KAZ,2021,5.41
Kenya,KEN,2010,0
Kenya,KEN,2011,0.01
Kenya,KEN,2012,0.01
Kenya,KEN,2013,0
Kenya,KEN,2014,0
Kenya,KEN,2015,0
Kenya,KEN,2016,0
Kenya,KEN,2017,0
Kenya,KEN,2018,0
Kenya,KEN,2019,0
Kenya,KEN,2020,0
Kiribati,KIR,2010,0
Kiribati,KIR,2011,0
Kiribati,KIR,2012,0
Kiribati,KIR,2013,0
Kiribati,KIR,2014,0
Kiribati,KIR,2015,0
Kiribati,KIR,2016,0
Kiribati,KIR,2017,0
Kiribati,KIR,2018,0
Kiribati,KIR,2019,0
Kiribati,KIR,2020,0
Kuwait,KWT,2010,7.49
Kuwait,KWT,2011,8.28
Kuwait,KWT,2012,8.07
Kuwait,KWT,2013,8.65
Kuwait,KWT,2014,8.28
Kuwait,KWT,2015,5.43
Kuwait,KWT,2016,4.48
Kuwait,KWT,2017,4.68
Kuwait,KWT,2018,5.41
Kuwait,KWT,2019,4.17
Kuwait,KWT,2020,2.37
Kuwait,KWT,2021,7.84
Kyrgyzstan,KGZ,2010,6.47
Kyrgyzstan,KGZ,2011,13.12
Kyrgyzstan,KGZ,2012,16.83
Kyrgyzstan,KGZ,2013,16.66
Kyrgyzstan,KGZ,2014,14.08
Kyrgyzstan,KGZ,2015,6.5
Kyrgyzstan,KGZ,2016,4.68
Kyrgyzstan,KGZ,2017,6.82
Kyrgyzstan,KGZ,2018,6.78
Kyrgyzstan,KGZ,2019,7.02
Kyrgyzstan,KGZ,2020,4.72
Laos,LAO,2010,0
Laos,LAO,2011,0
Laos,LAO,2012,0
Laos,LAO,2013,0
Laos,LAO,2014,0
Laos,LAO,2015,0
Laos,LAO,2016,0
Laos,LAO,2017,0.18
Laos,LAO,2018,0.29
Laos,LAO,2019,0.33
Laos,LAO,2020,0.43
Latin America and the Caribbean (UN),,2010,1.4
Latin America and the Caribbean (UN),,2011,1.87
Latin America and the Caribbean (UN),,2012,2.05
Latin America and the Caribbean (UN),,2013,1.94
Latin America and the Caribbean (UN),,2014,1.62
Latin America and the Caribbean (UN),,2015,1.1
Latin America and the Caribbean (UN),,2016,1.19
Latin America and the Caribbean (UN),,2017,0.88
Latin America and the Caribbean (UN),,2018,0.91
Latin America and the Caribbean (UN),,2019,0.99
Latin America and the Caribbean (UN),,2020,0.65
Latin America and the Caribbean (UN),,2021,1.31
Latvia,LVA,2010,0.86
Latvia,LVA,2011,0.97
Latvia,LVA,2012,1.23
Latvia,LVA,2013,1.35
Latvia,LVA,2014,1.3
Latvia,LVA,2015,1
Latvia,LVA,2016,0.94
Latvia,LVA,2017,0.88
Latvia,LVA,2018,0.64
Latvia,LVA,2019,0.61
Latvia,LVA,2020,0.59
Latvia,LVA,2021,0.6
Least Developed Countries (LDCs),,2010,1.8
Least Developed Countries (LDCs),,2011,2.22
Least Developed Countries (LDCs),,2012,2.39
Least Developed Countries (LDCs),,2013,2.09
Least Developed Countries (LDCs),,2014,1.61
Least Developed Countries (LDCs),,2015,0.6
Least Developed Countries (LDCs),,2016,0.39
Least Developed Countries (LDCs),,2017,0.61
Least Developed Countries (LDCs),,2018,1.31
Least Developed Countries (LDCs),,2019,0.76
Least Developed Countries (LDCs),,2020,0.69
Lebanon,LBN,2010,3.05
Lebanon,LBN,2011,3.94
Lebanon,LBN,2012,4.12
Lebanon,LBN,2013,4.74
Lebanon,LBN,2014,4.54
Lebanon,LBN,2015,9.41
Lebanon,LBN,2016,7.85
Lebanon,LBN,2017,10.14
Lebanon,LBN,2018,12.74
Lebanon,LBN,2019,13.18
Lebanon,LBN,2020,9.5
Lesotho,LSO,2010,1.36
Lesotho,LSO,2011,1.6
Lesotho,LSO,2012,1.49
Lesotho,LSO,2013,1.56
Lesotho,LSO,2014,1.54
Lesotho,LSO,2015,0.09
Lesotho,LSO,2016,0.09
Lesotho,LSO,2017,0.08
Lesotho,LSO,2018,0.13
Lesotho,LSO,2019,0.08
Lesotho,LSO,2020,0.09
Liberia,LBR,2010,0
Liberia,LBR,2011,0
Liberia,LBR,2012,0
Liberia,LBR,2013,0
Liberia,LBR,2014,0
Liberia,LBR,2015,0
Liberia,LBR,2016,0
Liberia,LBR,2017,0
Liberia,LBR,2018,0
Liberia,LBR,2019,0
Liberia,LBR,2020,0
Libya,LBY,2010,6.62
Libya,LBY,2011,13.76
Libya,LBY,2012,9.37
Libya,LBY,2013,11.86
Libya,LBY,2014,14.62
Libya,LBY,2015,7.43
Libya,LBY,2016,6.83
Libya,LBY,2017,6.1
Libya,LBY,2018,7.29
Libya,LBY,2019,7.32
Libya,LBY,2020,8.05
Libya,LBY,2021,10.37
Lithuania,LTU,2010,0.5
Lithuania,LTU,2011,0.57
Lithuania,LTU,2012,0.57
Lithuania,LTU,2013,0.57
Lithuania,LTU,2014,0.59
Lithuania,LTU,2015,0.54
Lithuania,LTU,2016,0.7
Lithuania,LTU,2017,0.65
Lithuania,LTU,2018,0.66
Lithuania,LTU,2019,0.62
Lithuania,LTU,2020,1.07
Lithuania,LTU,2021,1.06
Luxembourg,LUX,2015,0
Luxembourg,LUX,2016,0
Luxembourg,LUX,2017,0
Luxembourg,LUX,2018,0
Luxembourg,LUX,2019,0
Luxembourg,LUX,2020,0
Luxembourg,LUX,2021,0
Macao,MAC,2010,0
Macao,MAC,2011,0
Macao,MAC,2012,0
Macao,MAC,2013,0
Macao,MAC,2014,0
Macao,MAC,2015,0
Macao,MAC,2016,0
Macao,MAC,2017,0
Macao,MAC,2018,0
Macao,MAC,2019,0
Macao,MAC,2020,0
Madagascar,MDG,2010,0.79
Madagascar,MDG,2011,1.03
Madagascar,MDG,2012,1.06
Madagascar,MDG,2013,1.05
Madagascar,MDG,2014,1.06
Madagascar,MDG,2015,0.08
Madagascar,MDG,2016,0.12
Madagascar,MDG,2017,0.68
Madagascar,MDG,2018,0.66
Madagascar,MDG,2019,0.46
Madagascar,MDG,2020,0.94
Malawi,MWI,2010,2.25
Malawi,MWI,2011,2.44
Malawi,MWI,2012,2.39
Malawi,MWI,2013,2.22
Malawi,MWI,2014,1.99
Malawi,MWI,2015,0
Malawi,MWI,2016,0
Malawi,MWI,2017,0
Malawi,MWI,2018,0
Malawi,MWI,2019,0
Malawi,MWI,2020,0
Malaysia,MYS,2010,1.6
Malaysia,MYS,2011,2.66
Malaysia,MYS,2012,2.99
Malaysia,MYS,2013,3.48
Malaysia,MYS,2014,2
Malaysia,MYS,2015,0.11
Malaysia,MYS,2016,0.45
Malaysia,MYS,2017,0.57
Malaysia,MYS,2018,0.51
Malaysia,MYS,2019,0.38
Malaysia,MYS,2020,0.03
Malaysia,MYS,2021,0.85
Maldives,MDV,2010,0
Maldives,MDV,2011,0
Maldives,MDV,2012,0
Maldives,MDV,2013,0
Maldives,MDV,2014,0
Maldives,MDV,2015,0.87
Maldives,MDV,2016,0.61
Maldives,MDV,2017,2.95
Maldives,MDV,2018,2.77
Maldives,MDV,2019,2.49
Maldives,MDV,2020,1.53
Mali,MLI,2010,1.18
Mali,MLI,2011,1.51
Mali,MLI,2012,1.34
Mali,MLI,2013,1.39
Mali,MLI,2014,1.43
Mali,MLI,2015,0
Mali,MLI,2016,0
Mali,MLI,2017,0
Mali,MLI,2018,0.23
Mali,MLI,2019,0.26
Mali,MLI,2020,0.11
Malta,MLT,2010,0
Malta,MLT,2011,0
Malta,MLT,2012,0
Malta,MLT,2013,0
Malta,MLT,2014,0
Malta,MLT,2015,0
Malta,MLT,2016,0
Malta,MLT,2017,0
Malta,MLT,2018,0
Malta,MLT,2019,0
Malta,MLT,2020,0
Mauritania,MRT,2010,0.62
Mauritania,MRT,2011,0.85
Mauritania,MRT,2012,0.9
Mauritania,MRT,2013,0.83
Mauritania,MRT,2014,0.92
Mauritania,MRT,2015,1.47
Mauritania,MRT,2016,1.34
Mauritania,MRT,2017,1.59
Mauritania,MRT,2018,2.86
Mauritania,MRT,2019,3.02
Mauritania,MRT,2020,2.94
Mauritius,MUS,2010,0
Mauritius,MUS,2011,0
Mauritius,MUS,2012,0
Mauritius,MUS,2013,0
Mauritius,MUS,2014,0
Mauritius,MUS,2015,0
Mauritius,MUS,2016,0
Mauritius,MUS,2017,0.45
Mauritius,MUS,2018,0.62
Mauritius,MUS,2019,0.69
Mauritius,MUS,2020,0.39
Mexico,MEX,2010,0.72
Mexico,MEX,2011,1.6
Mexico,MEX,2012,1.7
Mexico,MEX,2013,0.78
Mexico,MEX,2014,0.29
Mexico,MEX,2015,0.42
Mexico,MEX,2016,1.54
Mexico,MEX,2017,0.38
Mexico,MEX,2018,0.35
Mexico,MEX,2019,1.58
Mexico,MEX,2020,1.01
Mexico,MEX,2021,1.94
Moldova,MDA,2010,1.09
Moldova,MDA,2011,1.26
Moldova,MDA,2012,1.45
Moldova,MDA,2013,1.22
Moldova,MDA,2014,1.04
Moldova,MDA,2015,0.83
Moldova,MDA,2016,0.8
Moldova,MDA,2017,0.83
Moldova,MDA,2018,0.87
Moldova,MDA,2019,0.74
Moldova,MDA,2020,0.81
Moldova,MDA,2021,0.77
Mongolia,MNG,2010,0
Mongolia,MNG,2011,0
Mongolia,MNG,2012,0
Mongolia,MNG,2013,0
Mongolia,MNG,2014,0.22
Mongolia,MNG,2015,0
Mongolia,MNG,2016,0
Mongolia,MNG,2017,0.23
Mongolia,MNG,2018,0.2
Mongolia,MNG,2019,0.21
Mongolia,MNG,2020,0.14
Montenegro,MNE,2010,0
Montenegro,MNE,2011,0
Montenegro,MNE,2012,0
Montenegro,MNE,2013,0
Montenegro,MNE,2014,0
Montenegro,MNE,2015,0
Montenegro,MNE,2016,0
Montenegro,MNE,2017,0
Montenegro,MNE,2018,0
Montenegro,MNE,2019,0
Montenegro,MNE,2020,0
Montserrat,MSR,2015,0
Montserrat,MSR,2016,0
Montserrat,MSR,2017,0
Montserrat,MSR,2018,0
Montserrat,MSR,2019,0
Montserrat,MSR,2020,0
Morocco,MAR,2010,0.42
Morocco,MAR,2011,1.14
Morocco,MAR,2012,1.22
Morocco,MAR,2013,0.53
Morocco,MAR,2014,0.42
Morocco,MAR,2015,0
Morocco,MAR,2016,0
Morocco,MAR,2017,0.03
Morocco,MAR,2018,0.11
Morocco,MAR,2019,0.15
Morocco,MAR,2020,0.1
Mozambique,MOZ,2010,4.4
Mozambique,MOZ,2011,6.73
Mozambique,MOZ,2012,6.75
Mozambique,MOZ,2013,6.51
Mozambique,MOZ,2014,7.31
Mozambique,MOZ,2015,0.92
Mozambique,MOZ,2016,0
Mozambique,MOZ,2017,0
Mozambique,MOZ,2018,0
Mozambique,MOZ,2019,0
Mozambique,MOZ,2020,0
Myanmar,MMR,2010,0
Myanmar,MMR,2011,0
Myanmar,MMR,2012,0
Myanmar,MMR,2013,0.02
Myanmar,MMR,2014,0
Myanmar,MMR,2015,0.49
Myanmar,MMR,2016,0.33
Myanmar,MMR,2017,1.1
Myanmar,MMR,2018,1.51
Myanmar,MMR,2019,1.04
Myanmar,MMR,2020,0.81
Namibia,NAM,2010,0.83
Namibia,NAM,2011,1.01
Namibia,NAM,2012,1
Namibia,NAM,2013,0.99
Namibia,NAM,2014,0.92
Namibia,NAM,2015,0
Namibia,NAM,2016,0
Namibia,NAM,2017,0
Namibia,NAM,2018,0
Namibia,NAM,2019,0
Namibia,NAM,2020,0
Nauru,NRU,2010,0
Nauru,NRU,2011,0
Nauru,NRU,2012,0
Nauru,NRU,2013,0
Nauru,NRU,2014,0
Nauru,NRU,2015,0
Nauru,NRU,2016,0
Nauru,NRU,2017,0
Nauru,NRU,2018,0
Nauru,NRU,2019,0
Nauru,NRU,2020,0.01
Nepal,NPL,2010,0
Nepal,NPL,2011,0.07
Nepal,NPL,2012,0
Nepal,NPL,2013,0
Nepal,NPL,2014,0
Nepal,NPL,2015,0.2
Nepal,NPL,2016,0.51
Nepal,NPL,2017,0.45
Nepal,NPL,2018,0.2
Nepal,NPL,2019,0.09
Nepal,NPL,2020,0.03
Netherlands,NLD,2010,0.06
Netherlands,NLD,2011,0.07
Netherlands,NLD,2012,0.06
Netherlands,NLD,2013,0.02
Netherlands,NLD,2014,0.03
Netherlands,NLD,2015,0.02
Netherlands,NLD,2016,0.07
Netherlands,NLD,2017,0.11
Netherlands,NLD,2018,0.11
Netherlands,NLD,2019,0.1
Netherlands,NLD,2020,0.15
Netherlands,NLD,2021,0.17
New Zealand,NZL,2010,0.02
New Zealand,NZL,2011,0.02
New Zealand,NZL,2012,0.03
New Zealand,NZL,2013,0.01
New Zealand,NZL,2014,0.01
New Zealand,NZL,2015,0.01
New Zealand,NZL,2016,0.01
New Zealand,NZL,2017,0
New Zealand,NZL,2018,0
New Zealand,NZL,2019,0.01
New Zealand,NZL,2020,0.01
New Zealand,NZL,2021,0.01
Nicaragua,NIC,2010,0
Nicaragua,NIC,2011,1.97
Nicaragua,NIC,2012,2
Nicaragua,NIC,2013,1.99
Nicaragua,NIC,2014,1.97
Nicaragua,NIC,2015,0
Nicaragua,NIC,2016,0.21
Nicaragua,NIC,2017,0.18
Nicaragua,NIC,2018,0.18
Nicaragua,NIC,2019,0.18
Nicaragua,NIC,2020,0.17
Niger,NER,2010,0
Niger,NER,2011,0.01
Niger,NER,2012,0
Niger,NER,2013,0
Niger,NER,2014,0
Niger,NER,2015,0.51
Niger,NER,2016,0.51
Niger,NER,2017,0.69
Niger,NER,2018,0.94
Niger,NER,2019,1.08
Niger,NER,2020,0.93
Nigeria,NGA,2010,0.73
Nigeria,NGA,2011,1.57
Nigeria,NGA,2012,1.5
Nigeria,NGA,2013,1.45
Nigeria,NGA,2014,1.14
Nigeria,NGA,2015,0.18
Nigeria,NGA,2016,0.01
Nigeria,NGA,2017,0.19
Nigeria,NGA,2018,0.46
Nigeria,NGA,2019,0.36
Nigeria,NGA,2020,0.08
Nigeria,NGA,2021,1.01
North Macedonia,MKD,2010,0
North Macedonia,MKD,2011,0
North Macedonia,MKD,2012,0
North Macedonia,MKD,2013,0
North Macedonia,MKD,2014,0
North Macedonia,MKD,2015,0.31
North Macedonia,MKD,2016,0.19
North Macedonia,MKD,2017,1.49
North Macedonia,MKD,2018,1.37
North Macedonia,MKD,2019,1.41
North Macedonia,MKD,2020,0.76
Northern Africa (UN),,2010,5.56
Northern Africa (UN),,2011,7.9
Northern Africa (UN),,2012,8.47
Northern Africa (UN),,2013,8.57
Northern Africa (UN),,2014,7.39
Northern Africa (UN),,2015,4.57
Northern Africa (UN),,2016,3.15
Northern Africa (UN),,2017,4.52
Northern Africa (UN),,2018,6.49
Northern Africa (UN),,2019,4.36
Northern Africa (UN),,2020,2.91
Northern Africa (UN),,2021,6.29
Northern America (UN),,2010,0.11
Northern America (UN),,2011,0.08
Northern America (UN),,2012,0.08
Northern America (UN),,2013,0.08
Northern America (UN),,2014,0.07
Northern America (UN),,2015,0.06
Northern America (UN),,2016,0.05
Northern America (UN),,2017,0.04
Northern America (UN),,2018,0.05
Northern America (UN),,2019,0.06
Northern America (UN),,2020,0.06
Northern America (UN),,2021,0.06
Norway,NOR,2010,0.13
Norway,NOR,2011,0.15
Norway,NOR,2012,0.1
Norway,NOR,2013,0.17
Norway,NOR,2014,0.15
Norway,NOR,2015,0.14
Norway,NOR,2016,0.12
Norway,NOR,2017,0.11
Norway,NOR,2018,0.1
Norway,NOR,2019,0.09
Norway,NOR,2020,0.08
Norway,NOR,2021,0.09
Oceania (UN),,2010,0.42
Oceania (UN),,2011,0.5
Oceania (UN),,2012,0.43
Oceania (UN),,2013,0.39
Oceania (UN),,2014,0.36
Oceania (UN),,2015,0.3
Oceania (UN),,2016,0.48
Oceania (UN),,2017,0.49
Oceania (UN),,2018,0.48
Oceania (UN),,2019,0.48
Oceania (UN),,2020,0.47
Oceania (UN),,2021,0.56
Oman,OMN,2010,0.12
Oman,OMN,2011,0
Oman,OMN,2012,0
Oman,OMN,2013,0
Oman,OMN,2014,0.18
Oman,OMN,2015,0.12
Oman,OMN,2016,0.12
Oman,OMN,2017,0.14
Oman,OMN,2018,0.17
Oman,OMN,2019,0.16
Oman,OMN,2020,0.13
Oman,OMN,2021,0.2
Pakistan,PAK,2010,3.14
Pakistan,PAK,2011,4.76
Pakistan,PAK,2012,4.48
Pakistan,PAK,2013,3.11
Pakistan,PAK,2014,2.47
Pakistan,PAK,2015,1.09
Pakistan,PAK,2016,0.54
Pakistan,PAK,2017,1.08
Pakistan,PAK,2018,1.68
Pakistan,PAK,2019,0.81
Pakistan,PAK,2020,0.06
Pakistan,PAK,2021,2.18
Palestine,PSE,2015,3.23
Palestine,PSE,2016,2.3
Palestine,PSE,2017,4.18
Palestine,PSE,2018,6.98
Palestine,PSE,2019,6.32
Palestine,PSE,2020,5.06
Panama,PAN,2010,0.07
Panama,PAN,2011,0.46
Panama,PAN,2012,0.47
Panama,PAN,2013,0.48
Panama,PAN,2014,0.48
Panama,PAN,2015,0
Panama,PAN,2016,0
Panama,PAN,2017,0
Panama,PAN,2018,0.02
Panama,PAN,2019,0
Panama,PAN,2020,0
Papua New Guinea,PNG,2010,0
Papua New Guinea,PNG,2011,0
Papua New Guinea,PNG,2012,0
Papua New Guinea,PNG,2013,0
Papua New Guinea,PNG,2014,0
Papua New Guinea,PNG,2015,0
Papua New Guinea,PNG,2016,0
Papua New Guinea,PNG,2017,0
Papua New Guinea,PNG,2018,0.82
Papua New Guinea,PNG,2019,1.17
Papua New Guinea,PNG,2020,1.44
Paraguay,PRY,2010,0
Paraguay,PRY,2011,0.11
Paraguay,PRY,2012,0.11
Paraguay,PRY,2013,0.12
Paraguay,PRY,2014,0.12
Paraguay,PRY,2015,0.06
Paraguay,PRY,2016,0.13
Paraguay,PRY,2017,0.03
Paraguay,PRY,2018,0.01
Paraguay,PRY,2019,0.1
Paraguay,PRY,2020,0.18
Peru,PER,2010,0
Peru,PER,2011,0
Peru,PER,2012,0
Peru,PER,2013,0
Peru,PER,2014,0
Peru,PER,2015,0
Peru,PER,2016,0
Peru,PER,2017,0
Peru,PER,2018,0.51
Peru,PER,2019,0.11
Peru,PER,2020,0.08
Philippines,PHL,2010,0
Philippines,PHL,2011,0
Philippines,PHL,2012,0
Philippines,PHL,2013,0
Philippines,PHL,2014,0
Philippines,PHL,2015,0.2
Philippines,PHL,2016,0.22
Philippines,PHL,2017,0.13
Philippines,PHL,2018,0.18
Philippines,PHL,2019,0.01
Philippines,PHL,2020,0.01
Poland,POL,2015,0
Poland,POL,2016,0
Poland,POL,2017,0
Poland,POL,2018,0
Poland,POL,2019,0
Poland,POL,2020,0
Poland,POL,2021,0
Portugal,PRT,2010,0.11
Portugal,PRT,2011,0.25
Portugal,PRT,2012,0.09
Portugal,PRT,2013,0.11
Portugal,PRT,2014,0.11
Portugal,PRT,2015,0.13
Portugal,PRT,2016,0.16
Portugal,PRT,2017,0.24
Portugal,PRT,2018,0.25
Portugal,PRT,2019,0.28
Portugal,PRT,2020,0.34
Portugal,PRT,2021,0.3
Puerto Rico,PRI,2010,0
Puerto Rico,PRI,2011,0
Puerto Rico,PRI,2012,0
Puerto Rico,PRI,2013,0
Puerto Rico,PRI,2014,0
Puerto Rico,PRI,2015,0
Puerto Rico,PRI,2016,0
Puerto Rico,PRI,2017,0
Puerto Rico,PRI,2018,0
Puerto Rico,PRI,2019,0
Puerto Rico,PRI,2020,0
Qatar,QAT,2010,3.77
Qatar,QAT,2011,4.17
Qatar,QAT,2012,4.44
Qatar,QAT,2013,4.33
Qatar,QAT,2014,4.34
Qatar,QAT,2015,2.05
Qatar,QAT,2016,0.7
Qatar,QAT,2017,1.03
Qatar,QAT,2018,1.52
Qatar,QAT,2019,0.34
Qatar,QAT,2020,0.32
Qatar,QAT,2021,4.16
Romania,ROU,2010,0
Romania,ROU,2011,0
Romania,ROU,2012,0
Romania,ROU,2013,0
Romania,ROU,2014,0
Romania,ROU,2015,0.47
Romania,ROU,2016,0.3
Romania,ROU,2017,0.52
Romania,ROU,2018,0.49
Romania,ROU,2019,0.46
Romania,ROU,2020,0.36
Russia,RUS,2010,0.47
Russia,RUS,2011,0.59
Russia,RUS,2012,0.63
Russia,RUS,2013,0.67
Russia,RUS,2014,0.48
Russia,RUS,2015,0.46
Russia,RUS,2016,0.59
Russia,RUS,2017,0.89
Russia,RUS,2018,1.46
Russia,RUS,2019,1.75
Russia,RUS,2020,0.77
Russia,RUS,2021,1.94
Rwanda,RWA,2010,0.3
Rwanda,RWA,2011,0.36
Rwanda,RWA,2012,0.37
Rwanda,RWA,2013,0.37
Rwanda,RWA,2014,0.41
Rwanda,RWA,2015,0.03
Rwanda,RWA,2016,0.02
Rwanda,RWA,2017,0.02
Rwanda,RWA,2018,0.03
Rwanda,RWA,2019,0.05
Rwanda,RWA,2020,0.36
Saint Kitts and Nevis,KNA,2010,0
Saint Kitts and Nevis,KNA,2011,0.45
Saint Kitts and Nevis,KNA,2012,0.44
Saint Kitts and Nevis,KNA,2013,0.45
Saint Kitts and Nevis,KNA,2014,0.42
Saint Kitts and Nevis,KNA,2015,0
Saint Kitts and Nevis,KNA,2016,0
Saint Kitts and Nevis,KNA,2017,0
Saint Kitts and Nevis,KNA,2018,0.3
Saint Kitts and Nevis,KNA,2019,0.36
Saint Kitts and Nevis,KNA,2020,0
Saint Lucia,LCA,2010,0
Saint Lucia,LCA,2011,0
Saint Lucia,LCA,2012,0
Saint Lucia,LCA,2013,0
Saint Lucia,LCA,2014,0
Saint Lucia,LCA,2015,0.02
Saint Lucia,LCA,2016,0.02
Saint Lucia,LCA,2017,0
Saint Lucia,LCA,2018,0.05
Saint Lucia,LCA,2019,0.01
Saint Lucia,LCA,2020,0
Saint Vincent and the Grenadines,VCT,2010,0
Saint Vincent and the Grenadines,VCT,2011,0
Saint Vincent and the Grenadines,VCT,2012,0
Saint Vincent and the Grenadines,VCT,2013,0
Saint Vincent and the Grenadines,VCT,2014,0
Saint Vincent and the Grenadines,VCT,2015,0.35
Saint Vincent and the Grenadines,VCT,2016,0.33
Saint Vincent and the Grenadines,VCT,2017,0.39
Saint Vincent and the Grenadines,VCT,2018,0.51
Saint Vincent and the Grenadines,VCT,2019,0.51
Saint Vincent and the Grenadines,VCT,2020,0.48
Samoa,WSM,2010,0
Samoa,WSM,2011,0
Samoa,WSM,2012,0
Samoa,WSM,2013,0
Samoa,WSM,2014,0
Samoa,WSM,2015,0
Samoa,WSM,2016,0
Samoa,WSM,2017,0
Samoa,WSM,2018,0
Samoa,WSM,2019,0
Samoa,WSM,2020,0
Sao Tome and Principe,STP,2010,0.45
Sao Tome and Principe,STP,2011,0.53
Sao Tome and Principe,STP,2012,0.57
Sao Tome and Principe,STP,2013,0.57
Sao Tome and Principe,STP,2014,0.42
Sao Tome and Principe,STP,2015,0
Sao Tome and Principe,STP,2016,0
Sao Tome and Principe,STP,2017,0
Sao Tome and Principe,STP,2018,1.18
Sao Tome and Principe,STP,2019,1.41
Sao Tome and Principe,STP,2020,0.72
Saudi Arabia,SAU,2010,10.33
Saudi Arabia,SAU,2011,12.61
Saudi Arabia,SAU,2012,13.45
Saudi Arabia,SAU,2013,12.6
Saudi Arabia,SAU,2014,11.72
Saudi Arabia,SAU,2015,7.88
Saudi Arabia,SAU,2016,5.09
Saudi Arabia,SAU,2017,6.11
Saudi Arabia,SAU,2018,5.79
Saudi Arabia,SAU,2019,4.59
Saudi Arabia,SAU,2020,2.76
Saudi Arabia,SAU,2021,6.09
Senegal,SEN,2010,2.54
Senegal,SEN,2011,3.08
Senegal,SEN,2012,3.21
Senegal,SEN,2013,3.39
Senegal,SEN,2014,3.32
Senegal,SEN,2015,0
Senegal,SEN,2016,0
Senegal,SEN,2017,0.01
Senegal,SEN,2018,0.07
Senegal,SEN,2019,0.29
Senegal,SEN,2020,0.01
Serbia,SRB,2010,0
Serbia,SRB,2011,0
Serbia,SRB,2012,0
Serbia,SRB,2013,0
Serbia,SRB,2014,0
Serbia,SRB,2015,0.21
Serbia,SRB,2016,0.15
Serbia,SRB,2017,0.87
Serbia,SRB,2018,0.86
Serbia,SRB,2019,1.02
Serbia,SRB,2020,0.69
Seychelles,SYC,2010,0
Seychelles,SYC,2011,0
Seychelles,SYC,2012,0
Seychelles,SYC,2013,0
Seychelles,SYC,2014,0.07
Seychelles,SYC,2015,0
Seychelles,SYC,2016,0
Seychelles,SYC,2017,0
Seychelles,SYC,2018,0
Seychelles,SYC,2019,0
Seychelles,SYC,2020,0
Sierra Leone,SLE,2010,0
Sierra Leone,SLE,2011,0.01
Sierra Leone,SLE,2012,0
Sierra Leone,SLE,2013,0
Sierra Leone,SLE,2014,0
Sierra Leone,SLE,2015,0
Sierra Leone,SLE,2016,0
Sierra Leone,SLE,2017,0
Sierra Leone,SLE,2018,0
Sierra Leone,SLE,2019,0.09
Sierra Leone,SLE,2020,0.1
Singapore,SGP,2015,0
Singapore,SGP,2016,0
Singapore,SGP,2017,0
Singapore,SGP,2018,0
Singapore,SGP,2019,0
Singapore,SGP,2020,0
Singapore,SGP,2021,0
Slovakia,SVK,2015,0
Slovakia,SVK,2016,0
Slovakia,SVK,2017,0
Slovakia,SVK,2018,0.01
Slovakia,SVK,2019,0
Slovakia,SVK,2020,0
Slovakia,SVK,2021,0.01
Slovenia,SVN,2010,0.45
Slovenia,SVN,2011,0.35
Slovenia,SVN,2012,0.36
Slovenia,SVN,2013,0.41
Slovenia,SVN,2014,0.43
Slovenia,SVN,2015,0.37
Slovenia,SVN,2016,0.38
Slovenia,SVN,2017,0.39
Slovenia,SVN,2018,0.35
Slovenia,SVN,2019,0.27
Slovenia,SVN,2020,0.25
Slovenia,SVN,2021,0.25
Small Island Developing States (SIDS),,2010,0.01
Small Island Developing States (SIDS),,2011,0.25
Small Island Developing States (SIDS),,2012,0.34
Small Island Developing States (SIDS),,2013,0.41
Small Island Developing States (SIDS),,2014,0.37
Small Island Developing States (SIDS),,2015,0.85
Small Island Developing States (SIDS),,2016,0.6
Small Island Developing States (SIDS),,2017,0.81
Small Island Developing States (SIDS),,2018,1.23
Small Island Developing States (SIDS),,2019,1.21
Small Island Developing States (SIDS),,2020,1.28
Solomon Islands,SLB,2010,0
Solomon Islands,SLB,2011,0
Solomon Islands,SLB,2012,0
Solomon Islands,SLB,2013,0
Solomon Islands,SLB,2014,0
Solomon Islands,SLB,2015,0
Solomon Islands,SLB,2016,0
Solomon Islands,SLB,2017,0
Solomon Islands,SLB,2018,0
Solomon Islands,SLB,2019,0
Solomon Islands,SLB,2020,0
Somalia,SOM,2010,0
Somalia,SOM,2011,0
Somalia,SOM,2012,0
Somalia,SOM,2013,0
Somalia,SOM,2014,0
Somalia,SOM,2015,0
Somalia,SOM,2016,0
Somalia,SOM,2017,0
Somalia,SOM,2018,0
Somalia,SOM,2019,0
Somalia,SOM,2020,0
South Africa,ZAF,2010,0.82
South Africa,ZAF,2011,0.92
South Africa,ZAF,2012,1.35
South Africa,ZAF,2013,1.02
South Africa,ZAF,2014,0.98
South Africa,ZAF,2015,1.01
South Africa,ZAF,2016,0.8
South Africa,ZAF,2017,0.8
South Africa,ZAF,2018,1.06
South Africa,ZAF,2019,1.13
South Africa,ZAF,2020,1.24
South Africa,ZAF,2021,1.02
South Korea,KOR,2010,0.15
South Korea,KOR,2011,0.14
South Korea,KOR,2012,0.13
South Korea,KOR,2013,0.14
South Korea,KOR,2014,0.14
South Korea,KOR,2015,0.12
South Korea,KOR,2016,0.09
South Korea,KOR,2017,0.09
South Korea,KOR,2018,0.09
South Korea,KOR,2019,0.09
South Korea,KOR,2020,0.09
South Korea,KOR,2021,0.09
South Sudan,SSD,2010,0
South Sudan,SSD,2011,0
South Sudan,SSD,2012,0
South Sudan,SSD,2013,0
South Sudan,SSD,2014,0
South Sudan,SSD,2015,0.85
South Sudan,SSD,2016,0
South Sudan,SSD,2017,0
South Sudan,SSD,2018,0
South Sudan,SSD,2019,0
South Sudan,SSD,2020,0
Spain,ESP,2010,0.39
Spain,ESP,2011,0.29
Spain,ESP,2012,0.26
Spain,ESP,2013,0.23
Spain,ESP,2014,0.21
Spain,ESP,2015,0.18
Spain,ESP,2016,0.16
Spain,ESP,2017,0.15
Spain,ESP,2018,0.16
Spain,ESP,2019,0.14
Spain,ESP,2020,0.15
Spain,ESP,2021,0.14
Sri Lanka,LKA,2010,0.79
Sri Lanka,LKA,2011,1.31
Sri Lanka,LKA,2012,0.82
Sri Lanka,LKA,2013,0.37
Sri Lanka,LKA,2014,0.43
Sri Lanka,LKA,2015,0.18
Sri Lanka,LKA,2016,0.09
Sri Lanka,LKA,2017,0.23
Sri Lanka,LKA,2018,0.42
Sri Lanka,LKA,2019,0.45
Sri Lanka,LKA,2020,0.28
Sri Lanka,LKA,2021,1.17
Sub-Saharan Africa (UN),,2010,1.17
Sub-Saharan Africa (UN),,2011,1.64
Sub-Saharan Africa (UN),,2012,1.76
Sub-Saharan Africa (UN),,2013,1.71
Sub-Saharan Africa (UN),,2014,1.57
Sub-Saharan Africa (UN),,2015,0.38
Sub-Saharan Africa (UN),,2016,0.28
Sub-Saharan Africa (UN),,2017,0.36
Sub-Saharan Africa (UN),,2018,0.63
Sub-Saharan Africa (UN),,2019,0.56
Sub-Saharan Africa (UN),,2020,0.49
Sub-Saharan Africa (UN),,2021,0.72
Sudan,SDN,2010,1.32
Sudan,SDN,2011,1.93
Sudan,SDN,2012,2.48
Sudan,SDN,2013,2.29
Sudan,SDN,2014,1.24
Sudan,SDN,2015,1.7
Sudan,SDN,2016,0.99
Sudan,SDN,2017,2.14
Sudan,SDN,2018,5.66
Sudan,SDN,2019,1.92
Sudan,SDN,2020,2.32
Suriname,SUR,2010,0
Suriname,SUR,2011,1.55
Suriname,SUR,2012,1.69
Suriname,SUR,2013,1.68
Suriname,SUR,2014,1.67
Suriname,SUR,2015,4.7
Suriname,SUR,2016,4.39
Suriname,SUR,2017,3.02
Suriname,SUR,2018,3.5
Suriname,SUR,2019,3.55
Suriname,SUR,2020,4.45
Sweden,SWE,2010,0.75
Sweden,SWE,2011,0.69
Sweden,SWE,2012,0.49
Sweden,SWE,2013,0.41
Sweden,SWE,2014,0.42
Sweden,SWE,2015,0.28
Sweden,SWE,2016,0.31
Sweden,SWE,2017,0.27
Sweden,SWE,2018,0.29
Sweden,SWE,2019,0.31
Sweden,SWE,2020,0.39
Sweden,SWE,2021,0.47
Switzerland,CHE,2010,0.3
Switzerland,CHE,2011,0.38
Switzerland,CHE,2012,0.36
Switzerland,CHE,2013,0.34
Switzerland,CHE,2014,0.36
Switzerland,CHE,2015,0.35
Switzerland,CHE,2016,0.35
Switzerland,CHE,2017,0.33
Switzerland,CHE,2018,0.34
Switzerland,CHE,2019,0.34
Switzerland,CHE,2020,0.21
Switzerland,CHE,2021,0.22
Syria,SYR,2010,5.1
Syria,SYR,2011,6.59
Syria,SYR,2012,9.46
Syria,SYR,2013,8.2
Syria,SYR,2014,8.12
Syria,SYR,2015,0
Syria,SYR,2016,0
Syria,SYR,2017,0
Tajikistan,TJK,2010,2.02
Tajikistan,TJK,2011,2.64
Tajikistan,TJK,2012,3.32
Tajikistan,TJK,2013,3.88
Tajikistan,TJK,2014,3.33
Tajikistan,TJK,2015,6.34
Tajikistan,TJK,2016,6.18
Tajikistan,TJK,2017,6.65
Tajikistan,TJK,2018,5.64
Tajikistan,TJK,2019,6.02
Tajikistan,TJK,2020,5.78
Thailand,THA,2010,1.41
Thailand,THA,2011,1.82
Thailand,THA,2012,2.02
Thailand,THA,2013,0.76
Thailand,THA,2014,0.5
Thailand,THA,2015,0.22
Thailand,THA,2016,0.12
Thailand,THA,2017,0.19
Thailand,THA,2018,0.23
Thailand,THA,2019,0.1
Thailand,THA,2020,0.11
Thailand,THA,2021,0.54
Togo,TGO,2010,0
Togo,TGO,2011,0.01
Togo,TGO,2012,0.07
Togo,TGO,2013,0
Togo,TGO,2014,0
Togo,TGO,2015,0.27
Togo,TGO,2016,0.19
Togo,TGO,2017,0.6
Togo,TGO,2018,1.09
Togo,TGO,2019,1.38
Togo,TGO,2020,0.92
Tonga,TON,2010,0
Tonga,TON,2011,0
Tonga,TON,2012,0
Tonga,TON,2013,0
Tonga,TON,2014,0
Tonga,TON,2015,0
Tonga,TON,2016,0
Tonga,TON,2017,0
Tonga,TON,2018,0
Tonga,TON,2019,0
Tonga,TON,2020,0
Trinidad and Tobago,TTO,2010,0
Trinidad and Tobago,TTO,2011,0
Trinidad and Tobago,TTO,2012,2.31
Trinidad and Tobago,TTO,2013,4.14
Trinidad and Tobago,TTO,2014,3.66
Trinidad and Tobago,TTO,2015,3.05
Trinidad and Tobago,TTO,2016,2.22
Trinidad and Tobago,TTO,2017,2.6
Trinidad and Tobago,TTO,2018,2.98
Trinidad and Tobago,TTO,2019,2.34
Trinidad and Tobago,TTO,2020,1.46
Trinidad and Tobago,TTO,2021,4.25
Tunisia,TUN,2010,0.97
Tunisia,TUN,2011,2.63
Tunisia,TUN,2012,2.71
Tunisia,TUN,2013,2.67
Tunisia,TUN,2014,2.63
Tunisia,TUN,2015,2.53
Tunisia,TUN,2016,1.12
Tunisia,TUN,2017,2.06
Tunisia,TUN,2018,3.54
Tunisia,TUN,2019,1.65
Tunisia,TUN,2020,0.74
Turkey,TUR,2010,0.16
Turkey,TUR,2011,0.16
Turkey,TUR,2012,0.15
Turkey,TUR,2013,0.14
Turkey,TUR,2014,0.57
Turkey,TUR,2015,0.51
Turkey,TUR,2016,0.51
Turkey,TUR,2017,0.56
Turkey,TUR,2018,0.48
Turkey,TUR,2019,0.35
Turkey,TUR,2020,0.28
Turkey,TUR,2021,0.36
Turkmenistan,TKM,2010,25.37
Turkmenistan,TKM,2011,25.82
Turkmenistan,TKM,2012,26.37
Turkmenistan,TKM,2013,27.58
Turkmenistan,TKM,2014,24.44
Turkmenistan,TKM,2015,13.9
Turkmenistan,TKM,2016,10.04
Turkmenistan,TKM,2017,10.01
Turkmenistan,TKM,2018,11.98
Turkmenistan,TKM,2019,8.13
Turkmenistan,TKM,2020,4.28
Turkmenistan,TKM,2021,18.3
Uganda,UGA,2010,1.17
Uganda,UGA,2011,1.24
Uganda,UGA,2012,1.22
Uganda,UGA,2013,1.33
Uganda,UGA,2014,1.4
Uganda,UGA,2015,0
Uganda,UGA,2016,0
Uganda,UGA,2017,0
Uganda,UGA,2018,0
Uganda,UGA,2019,0
Uganda,UGA,2020,0
Ukraine,UKR,2010,2
Ukraine,UKR,2011,2.32
Ukraine,UKR,2012,4.53
Ukraine,UKR,2013,2.79
Ukraine,UKR,2014,2.26
Ukraine,UKR,2015,1.13
Ukraine,UKR,2016,1.88
Ukraine,UKR,2017,2.7
Ukraine,UKR,2018,2.59
Ukraine,UKR,2019,1.94
Ukraine,UKR,2020,2.81
Ukraine,UKR,2021,1.61
United Arab Emirates,ARE,2010,6.87
United Arab Emirates,ARE,2011,6.73
United Arab Emirates,ARE,2012,7.87
United Arab Emirates,ARE,2013,7.24
United Arab Emirates,ARE,2014,5.18
United Arab Emirates,ARE,2015,3.09
United Arab Emirates,ARE,2016,2.24
United Arab Emirates,ARE,2017,2.1
United Arab Emirates,ARE,2018,2.3
United Arab Emirates,ARE,2019,1.56
United Arab Emirates,ARE,2020,1.15
United Arab Emirates,ARE,2021,4.48
United Kingdom,GBR,2015,0
United Kingdom,GBR,2016,0
United Kingdom,GBR,2017,0
United Kingdom,GBR,2018,0
United Kingdom,GBR,2019,0
United Kingdom,GBR,2020,0
United States,USA,2010,0.09
United States,USA,2011,0.06
United States,USA,2012,0.07
United States,USA,2013,0.06
United States,USA,2014,0.06
United States,USA,2015,0.05
United States,USA,2016,0.04
United States,USA,2017,0.04
United States,USA,2018,0.05
United States,USA,2019,0.05
United States,USA,2020,0.05
United States,USA,2021,0.05
Uruguay,URY,2010,0
Uruguay,URY,2011,0
Uruguay,URY,2012,0
Uruguay,URY,2013,0
Uruguay,URY,2014,0
Uruguay,URY,2015,0
Uruguay,URY,2016,0
Uruguay,URY,2017,0
Uruguay,URY,2018,0
Uruguay,URY,2019,0
Uruguay,URY,2020,0
Uzbekistan,UZB,2010,22.9
Uzbekistan,UZB,2011,21.8
Uzbekistan,UZB,2012,17.85
Uzbekistan,UZB,2013,14.88
Uzbekistan,UZB,2014,11.59
Uzbekistan,UZB,2015,6.69
Uzbekistan,UZB,2016,4.53
Uzbekistan,UZB,2017,6.73
Uzbekistan,UZB,2018,8.44
Uzbekistan,UZB,2019,5.16
Uzbekistan,UZB,2020,3.46
Uzbekistan,UZB,2021,11.2
Vanuatu,VUT,2010,0
Vanuatu,VUT,2011,0
Vanuatu,VUT,2012,0
Vanuatu,VUT,2013,0
Vanuatu,VUT,2014,0
Vanuatu,VUT,2015,0
Vanuatu,VUT,2016,0
Vanuatu,VUT,2017,0
Vanuatu,VUT,2018,0
Vanuatu,VUT,2019,0
Vanuatu,VUT,2020,0
Venezuela,VEN,2010,6.24
Venezuela,VEN,2011,7.58
Venezuela,VEN,2012,8.41
Venezuela,VEN,2013,9.25
Venezuela,VEN,2014,7.83
Venezuela,VEN,2015,5.23
Venezuela,VEN,2016,4.76
Venezuela,VEN,2017,6.63
Venezuela,VEN,2018,9.05
Venezuela,VEN,2019,8.7
Venezuela,VEN,2020,5.57
Venezuela,VEN,2021,21.33
Vietnam,VNM,2010,1.95
Vietnam,VNM,2011,2.41
Vietnam,VNM,2012,3.06
Vietnam,VNM,2013,1.02
Vietnam,VNM,2014,0.61
Vietnam,VNM,2015,0.04
Vietnam,VNM,2016,0.05
Vietnam,VNM,2017,0.09
Vietnam,VNM,2018,0.25
Vietnam,VNM,2019,0.18
Vietnam,VNM,2020,0.15
Vietnam,VNM,2021,1.32
World,OWID_WRL,2010,0.96
World,OWID_WRL,2011,1.15
World,OWID_WRL,2012,1.23
World,OWID_WRL,2013,1.18
World,OWID_WRL,2014,1.02
World,OWID_WRL,2015,0.71
World,OWID_WRL,2016,0.61
World,OWID_WRL,2017,0.65
World,OWID_WRL,2018,0.8
World,OWID_WRL,2019,0.67
World,OWID_WRL,2020,0.46
World,OWID_WRL,2021,0.85
Yemen,YEM,2010,3.65
Yemen,YEM,2011,4.97
Yemen,YEM,2012,3.73
Yemen,YEM,2013,4.37
Yemen,YEM,2014,2.07
Yemen,YEM,2015,1.59
Yemen,YEM,2016,0
Yemen,YEM,2017,0
Yemen,YEM,2018,0
Yemen,YEM,2019,0
Yemen,YEM,2020,0
Zambia,ZMB,2010,7.66
Zambia,ZMB,2011,9.96
Zambia,ZMB,2012,11.15
Zambia,ZMB,2013,11.15
Zambia,ZMB,2014,10.53
Zambia,ZMB,2015,0.73
Zambia,ZMB,2016,0.52
Zambia,ZMB,2017,1.27
Zambia,ZMB,2018,0.85
Zambia,ZMB,2019,0.85
Zambia,ZMB,2020,0.82
Zimbabwe,ZWE,2010,12.58
Zimbabwe,ZWE,2011,15.31
Zimbabwe,ZWE,2012,12.77
Zimbabwe,ZWE,2013,13.25
Zimbabwe,ZWE,2014,12.87
Zimbabwe,ZWE,2015,0
Zimbabwe,ZWE,2016,0
Zimbabwe,ZWE,2017,0
Zimbabwe,ZWE,2018,0
Zimbabwe,ZWE,2019,0
Zimbabwe,ZWE,2020,0